anchor_name,condition,layer,summary_type,rsa_score,value
THINGS behavioral similarity,T_neutral,0,trajectory,0.10938287593656183,
controlled_THINGS,T_neutral,0,trajectory,0.10297731497149085,
SigLIP2,T_neutral,0,trajectory,0.07866227105718798,
lancaster_perceptual,T_neutral,0,trajectory,0.08904435935501788,
THINGS behavioral similarity,T_neutral,1,trajectory,0.03855780527693242,
controlled_THINGS,T_neutral,1,trajectory,0.04249410310485506,
SigLIP2,T_neutral,1,trajectory,0.04766423532370831,
lancaster_perceptual,T_neutral,1,trajectory,0.019489738503634887,
THINGS behavioral similarity,T_neutral,2,trajectory,0.04625206459490369,
controlled_THINGS,T_neutral,2,trajectory,0.04833003746670374,
SigLIP2,T_neutral,2,trajectory,0.025936657665956563,
lancaster_perceptual,T_neutral,2,trajectory,0.019680237743821535,
THINGS behavioral similarity,T_neutral,3,trajectory,0.04807811599766298,
controlled_THINGS,T_neutral,3,trajectory,0.049368259921566265,
SigLIP2,T_neutral,3,trajectory,0.024348353525984696,
lancaster_perceptual,T_neutral,3,trajectory,0.007099360659294691,
THINGS behavioral similarity,T_neutral,4,trajectory,0.07773056988947123,
controlled_THINGS,T_neutral,4,trajectory,0.07874640921769821,
SigLIP2,T_neutral,4,trajectory,0.0380978454688942,
lancaster_perceptual,T_neutral,4,trajectory,0.031624845379072626,
THINGS behavioral similarity,T_neutral,5,trajectory,0.08049261004379644,
controlled_THINGS,T_neutral,5,trajectory,0.07881433547166661,
SigLIP2,T_neutral,5,trajectory,0.03569618710402134,
lancaster_perceptual,T_neutral,5,trajectory,0.010046026490707877,
THINGS behavioral similarity,T_neutral,6,trajectory,0.11395219819144678,
controlled_THINGS,T_neutral,6,trajectory,0.11190221062688971,
SigLIP2,T_neutral,6,trajectory,0.05511647128959573,
lancaster_perceptual,T_neutral,6,trajectory,0.05179958104479221,
THINGS behavioral similarity,T_neutral,7,trajectory,0.125872180643132,
controlled_THINGS,T_neutral,7,trajectory,0.12213091025041814,
SigLIP2,T_neutral,7,trajectory,0.06290347213504104,
lancaster_perceptual,T_neutral,7,trajectory,0.05577399332861158,
THINGS behavioral similarity,T_neutral,8,trajectory,0.13362814032534845,
controlled_THINGS,T_neutral,8,trajectory,0.12752741812965548,
SigLIP2,T_neutral,8,trajectory,0.06072841719839659,
lancaster_perceptual,T_neutral,8,trajectory,0.08131518494065187,
THINGS behavioral similarity,T_neutral,9,trajectory,0.156256533271961,
controlled_THINGS,T_neutral,9,trajectory,0.15003986221249754,
SigLIP2,T_neutral,9,trajectory,0.08016570967262948,
lancaster_perceptual,T_neutral,9,trajectory,0.10911301751287468,
THINGS behavioral similarity,T_neutral,10,trajectory,0.16978921715866302,
controlled_THINGS,T_neutral,10,trajectory,0.1638172908763251,
SigLIP2,T_neutral,10,trajectory,0.09527751519571007,
lancaster_perceptual,T_neutral,10,trajectory,0.12282294122152446,
THINGS behavioral similarity,T_neutral,11,trajectory,0.1806688884420201,
controlled_THINGS,T_neutral,11,trajectory,0.1758007549058666,
SigLIP2,T_neutral,11,trajectory,0.1142492893015931,
lancaster_perceptual,T_neutral,11,trajectory,0.11254779004991354,
THINGS behavioral similarity,T_neutral,12,trajectory,0.17756997490979662,
controlled_THINGS,T_neutral,12,trajectory,0.1710375192732477,
SigLIP2,T_neutral,12,trajectory,0.10981183110265001,
lancaster_perceptual,T_neutral,12,trajectory,0.12140014095895015,
THINGS behavioral similarity,T_neutral,13,trajectory,0.1762993028543594,
controlled_THINGS,T_neutral,13,trajectory,0.16996580870808106,
SigLIP2,T_neutral,13,trajectory,0.11354799309229514,
lancaster_perceptual,T_neutral,13,trajectory,0.10760534924255104,
THINGS behavioral similarity,T_neutral,14,trajectory,0.1767745555493245,
controlled_THINGS,T_neutral,14,trajectory,0.1699668160211187,
SigLIP2,T_neutral,14,trajectory,0.11684451181368538,
lancaster_perceptual,T_neutral,14,trajectory,0.10684198930590766,
THINGS behavioral similarity,T_neutral,15,trajectory,0.17297135535426303,
controlled_THINGS,T_neutral,15,trajectory,0.16689976539256207,
SigLIP2,T_neutral,15,trajectory,0.11679933077681075,
lancaster_perceptual,T_neutral,15,trajectory,0.0933255719665045,
THINGS behavioral similarity,T_neutral,16,trajectory,0.1706449676463032,
controlled_THINGS,T_neutral,16,trajectory,0.16453676220948665,
SigLIP2,T_neutral,16,trajectory,0.12163179844729538,
lancaster_perceptual,T_neutral,16,trajectory,0.09912177920998838,
THINGS behavioral similarity,T_neutral,17,trajectory,0.16997466375978873,
controlled_THINGS,T_neutral,17,trajectory,0.1638633359657704,
SigLIP2,T_neutral,17,trajectory,0.12316830678497373,
lancaster_perceptual,T_neutral,17,trajectory,0.0925759469332785,
THINGS behavioral similarity,T_neutral,18,trajectory,0.16726216722177198,
controlled_THINGS,T_neutral,18,trajectory,0.16068450296001666,
SigLIP2,T_neutral,18,trajectory,0.1250168264711483,
lancaster_perceptual,T_neutral,18,trajectory,0.08847148856771546,
THINGS behavioral similarity,T_neutral,19,trajectory,0.15052444957267525,
controlled_THINGS,T_neutral,19,trajectory,0.14482883889690262,
SigLIP2,T_neutral,19,trajectory,0.1099917096442155,
lancaster_perceptual,T_neutral,19,trajectory,0.06848855460496346,
THINGS behavioral similarity,T_neutral,20,trajectory,0.19025317773489603,
controlled_THINGS,T_neutral,20,trajectory,0.18168901086718514,
SigLIP2,T_neutral,20,trajectory,0.1263875446242027,
lancaster_perceptual,T_neutral,20,trajectory,0.12240105771308335,
THINGS behavioral similarity,T_neutral,21,trajectory,0.170467827207578,
controlled_THINGS,T_neutral,21,trajectory,0.1641079311777071,
SigLIP2,T_neutral,21,trajectory,0.12035785802928269,
lancaster_perceptual,T_neutral,21,trajectory,0.0948637464546863,
THINGS behavioral similarity,T_neutral,22,trajectory,0.15238580607783855,
controlled_THINGS,T_neutral,22,trajectory,0.14940302715406054,
SigLIP2,T_neutral,22,trajectory,0.1289308503995456,
lancaster_perceptual,T_neutral,22,trajectory,0.05683712532439139,
THINGS behavioral similarity,T_neutral,23,trajectory,0.10897808036644165,
controlled_THINGS,T_neutral,23,trajectory,0.10822702417803187,
SigLIP2,T_neutral,23,trajectory,0.09934649839868774,
lancaster_perceptual,T_neutral,23,trajectory,0.013264062188180723,
THINGS behavioral similarity,T_neutral,24,trajectory,0.14317964626044793,
controlled_THINGS,T_neutral,24,trajectory,0.1411499229069921,
SigLIP2,T_neutral,24,trajectory,0.10873771497793384,
lancaster_perceptual,T_neutral,24,trajectory,0.04962333521903168,
THINGS behavioral similarity,T_neutral,25,trajectory,0.14576057109141596,
controlled_THINGS,T_neutral,25,trajectory,0.14328629181775945,
SigLIP2,T_neutral,25,trajectory,0.11077121591236355,
lancaster_perceptual,T_neutral,25,trajectory,0.060097807919652066,
THINGS behavioral similarity,T_neutral,26,trajectory,0.15155902519457817,
controlled_THINGS,T_neutral,26,trajectory,0.1494113321039598,
SigLIP2,T_neutral,26,trajectory,0.11004154899646867,
lancaster_perceptual,T_neutral,26,trajectory,0.07786926365710718,
THINGS behavioral similarity,T_neutral,27,trajectory,0.1859756331131631,
controlled_THINGS,T_neutral,27,trajectory,0.1809378071906662,
SigLIP2,T_neutral,27,trajectory,0.13267526945764685,
lancaster_perceptual,T_neutral,27,trajectory,0.1508411174744022,
THINGS behavioral similarity,T_neutral,28,trajectory,0.190352562586895,
controlled_THINGS,T_neutral,28,trajectory,0.18495377721260167,
SigLIP2,T_neutral,28,trajectory,0.12743502171611185,
lancaster_perceptual,T_neutral,28,trajectory,0.142203111025178,
THINGS behavioral similarity,T_neutral,29,trajectory,0.18314523807223443,
controlled_THINGS,T_neutral,29,trajectory,0.17759167741986415,
SigLIP2,T_neutral,29,trajectory,0.12628119251045836,
lancaster_perceptual,T_neutral,29,trajectory,0.14254471526444498,
THINGS behavioral similarity,T_neutral,30,trajectory,0.19569098479191677,
controlled_THINGS,T_neutral,30,trajectory,0.18839217337473266,
SigLIP2,T_neutral,30,trajectory,0.13212303043706627,
lancaster_perceptual,T_neutral,30,trajectory,0.1591140994004676,
THINGS behavioral similarity,T_neutral,31,trajectory,0.21897701401415195,
controlled_THINGS,T_neutral,31,trajectory,0.2088090430876285,
SigLIP2,T_neutral,31,trajectory,0.14475488082693358,
lancaster_perceptual,T_neutral,31,trajectory,0.18061197927532266,
THINGS behavioral similarity,T_neutral,32,trajectory,0.2190128619471513,
controlled_THINGS,T_neutral,32,trajectory,0.2087202216481843,
SigLIP2,T_neutral,32,trajectory,0.14746742593263756,
lancaster_perceptual,T_neutral,32,trajectory,0.18729548050894312,
THINGS behavioral similarity,T_prompt_primary,0,trajectory,0.10938287593656183,
controlled_THINGS,T_prompt_primary,0,trajectory,0.10297731497149085,
SigLIP2,T_prompt_primary,0,trajectory,0.07866227105718798,
lancaster_perceptual,T_prompt_primary,0,trajectory,0.08904435935501788,
THINGS behavioral similarity,T_prompt_primary,1,trajectory,0.05508819918626927,
controlled_THINGS,T_prompt_primary,1,trajectory,0.058225313337435115,
SigLIP2,T_prompt_primary,1,trajectory,0.06231788933033233,
lancaster_perceptual,T_prompt_primary,1,trajectory,0.03819557075950214,
THINGS behavioral similarity,T_prompt_primary,2,trajectory,0.05689605427868722,
controlled_THINGS,T_prompt_primary,2,trajectory,0.05822140134940679,
SigLIP2,T_prompt_primary,2,trajectory,0.04858977099218421,
lancaster_perceptual,T_prompt_primary,2,trajectory,0.01434966039190629,
THINGS behavioral similarity,T_prompt_primary,3,trajectory,0.050271736253409235,
controlled_THINGS,T_prompt_primary,3,trajectory,0.051502231135301425,
SigLIP2,T_prompt_primary,3,trajectory,0.02779751342190732,
lancaster_perceptual,T_prompt_primary,3,trajectory,0.010296899679881146,
THINGS behavioral similarity,T_prompt_primary,4,trajectory,0.10227484265609994,
controlled_THINGS,T_prompt_primary,4,trajectory,0.10194068970975896,
SigLIP2,T_prompt_primary,4,trajectory,0.053198784940510224,
lancaster_perceptual,T_prompt_primary,4,trajectory,0.060509985250737724,
THINGS behavioral similarity,T_prompt_primary,5,trajectory,0.12385281028959153,
controlled_THINGS,T_prompt_primary,5,trajectory,0.1189744765546232,
SigLIP2,T_prompt_primary,5,trajectory,0.06255800320495689,
lancaster_perceptual,T_prompt_primary,5,trajectory,0.060602931319230745,
THINGS behavioral similarity,T_prompt_primary,6,trajectory,0.15239758534636308,
controlled_THINGS,T_prompt_primary,6,trajectory,0.1487520856009887,
SigLIP2,T_prompt_primary,6,trajectory,0.09182446077020416,
lancaster_perceptual,T_prompt_primary,6,trajectory,0.10652303236418979,
THINGS behavioral similarity,T_prompt_primary,7,trajectory,0.14035565902997166,
controlled_THINGS,T_prompt_primary,7,trajectory,0.13559163963799267,
SigLIP2,T_prompt_primary,7,trajectory,0.08342981051859298,
lancaster_perceptual,T_prompt_primary,7,trajectory,0.06733926649355557,
THINGS behavioral similarity,T_prompt_primary,8,trajectory,0.1554045013731684,
controlled_THINGS,T_prompt_primary,8,trajectory,0.1479491817917281,
SigLIP2,T_prompt_primary,8,trajectory,0.09538372648968425,
lancaster_perceptual,T_prompt_primary,8,trajectory,0.10963044272080563,
THINGS behavioral similarity,T_prompt_primary,9,trajectory,0.166632987205084,
controlled_THINGS,T_prompt_primary,9,trajectory,0.15901330716681503,
SigLIP2,T_prompt_primary,9,trajectory,0.1098602203266991,
lancaster_perceptual,T_prompt_primary,9,trajectory,0.1373861004802451,
THINGS behavioral similarity,T_prompt_primary,10,trajectory,0.17989102988621095,
controlled_THINGS,T_prompt_primary,10,trajectory,0.17267728207447422,
SigLIP2,T_prompt_primary,10,trajectory,0.1256386423332969,
lancaster_perceptual,T_prompt_primary,10,trajectory,0.1403829931923549,
THINGS behavioral similarity,T_prompt_primary,11,trajectory,0.18224318415504315,
controlled_THINGS,T_prompt_primary,11,trajectory,0.17543873649638445,
SigLIP2,T_prompt_primary,11,trajectory,0.13535224554710984,
lancaster_perceptual,T_prompt_primary,11,trajectory,0.11724555134690569,
THINGS behavioral similarity,T_prompt_primary,12,trajectory,0.185193944097799,
controlled_THINGS,T_prompt_primary,12,trajectory,0.17710860793936553,
SigLIP2,T_prompt_primary,12,trajectory,0.13705261823970497,
lancaster_perceptual,T_prompt_primary,12,trajectory,0.14316359648075797,
THINGS behavioral similarity,T_prompt_primary,13,trajectory,0.1834671740291079,
controlled_THINGS,T_prompt_primary,13,trajectory,0.17504226034787804,
SigLIP2,T_prompt_primary,13,trajectory,0.14000780871955296,
lancaster_perceptual,T_prompt_primary,13,trajectory,0.13885929728305624,
THINGS behavioral similarity,T_prompt_primary,14,trajectory,0.18166279372007965,
controlled_THINGS,T_prompt_primary,14,trajectory,0.17276513621939302,
SigLIP2,T_prompt_primary,14,trajectory,0.13960426164397008,
lancaster_perceptual,T_prompt_primary,14,trajectory,0.14341714410970433,
THINGS behavioral similarity,T_prompt_primary,15,trajectory,0.17598695326491356,
controlled_THINGS,T_prompt_primary,15,trajectory,0.16627058591963312,
SigLIP2,T_prompt_primary,15,trajectory,0.1355955410603897,
lancaster_perceptual,T_prompt_primary,15,trajectory,0.1321382753243804,
THINGS behavioral similarity,T_prompt_primary,16,trajectory,0.1741671391495699,
controlled_THINGS,T_prompt_primary,16,trajectory,0.16431066117185725,
SigLIP2,T_prompt_primary,16,trajectory,0.13525338834792144,
lancaster_perceptual,T_prompt_primary,16,trajectory,0.1379256040874815,
THINGS behavioral similarity,T_prompt_primary,17,trajectory,0.17566015439470142,
controlled_THINGS,T_prompt_primary,17,trajectory,0.16521547891183888,
SigLIP2,T_prompt_primary,17,trajectory,0.13209392194874997,
lancaster_perceptual,T_prompt_primary,17,trajectory,0.13623769510682923,
THINGS behavioral similarity,T_prompt_primary,18,trajectory,0.16610870016409843,
controlled_THINGS,T_prompt_primary,18,trajectory,0.15572062307100223,
SigLIP2,T_prompt_primary,18,trajectory,0.12711792432992364,
lancaster_perceptual,T_prompt_primary,18,trajectory,0.1265105569750583,
THINGS behavioral similarity,T_prompt_primary,19,trajectory,0.156496838991066,
controlled_THINGS,T_prompt_primary,19,trajectory,0.14653817810510783,
SigLIP2,T_prompt_primary,19,trajectory,0.10809441170735297,
lancaster_perceptual,T_prompt_primary,19,trajectory,0.07422419224459752,
THINGS behavioral similarity,T_prompt_primary,20,trajectory,0.1861832301806512,
controlled_THINGS,T_prompt_primary,20,trajectory,0.17546687918452022,
SigLIP2,T_prompt_primary,20,trajectory,0.1248188887277771,
lancaster_perceptual,T_prompt_primary,20,trajectory,0.12327480803731691,
THINGS behavioral similarity,T_prompt_primary,21,trajectory,0.17417801569236982,
controlled_THINGS,T_prompt_primary,21,trajectory,0.16405994934810847,
SigLIP2,T_prompt_primary,21,trajectory,0.12358796037227711,
lancaster_perceptual,T_prompt_primary,21,trajectory,0.10216198108038799,
THINGS behavioral similarity,T_prompt_primary,22,trajectory,0.15288850659611178,
controlled_THINGS,T_prompt_primary,22,trajectory,0.14675423514399677,
SigLIP2,T_prompt_primary,22,trajectory,0.12607983603857945,
lancaster_perceptual,T_prompt_primary,22,trajectory,0.05971595702923749,
THINGS behavioral similarity,T_prompt_primary,23,trajectory,0.11924092445391711,
controlled_THINGS,T_prompt_primary,23,trajectory,0.11520808339381075,
SigLIP2,T_prompt_primary,23,trajectory,0.10131355778291105,
lancaster_perceptual,T_prompt_primary,23,trajectory,0.019390913894445135,
THINGS behavioral similarity,T_prompt_primary,24,trajectory,0.1423139167733792,
controlled_THINGS,T_prompt_primary,24,trajectory,0.13738837773330703,
SigLIP2,T_prompt_primary,24,trajectory,0.10921293683553797,
lancaster_perceptual,T_prompt_primary,24,trajectory,0.026492482301586264,
THINGS behavioral similarity,T_prompt_primary,25,trajectory,0.1450594799756643,
controlled_THINGS,T_prompt_primary,25,trajectory,0.13947124607663955,
SigLIP2,T_prompt_primary,25,trajectory,0.11376827866857916,
lancaster_perceptual,T_prompt_primary,25,trajectory,0.03688155580565574,
THINGS behavioral similarity,T_prompt_primary,26,trajectory,0.14773540699854484,
controlled_THINGS,T_prompt_primary,26,trajectory,0.14305769632720555,
SigLIP2,T_prompt_primary,26,trajectory,0.11187364950151749,
lancaster_perceptual,T_prompt_primary,26,trajectory,0.05283062866770899,
THINGS behavioral similarity,T_prompt_primary,27,trajectory,0.17449739444305182,
controlled_THINGS,T_prompt_primary,27,trajectory,0.16947493079192358,
SigLIP2,T_prompt_primary,27,trajectory,0.12360692761995146,
lancaster_perceptual,T_prompt_primary,27,trajectory,0.14658056731936156,
THINGS behavioral similarity,T_prompt_primary,28,trajectory,0.17205919574225323,
controlled_THINGS,T_prompt_primary,28,trajectory,0.16553141341604957,
SigLIP2,T_prompt_primary,28,trajectory,0.12322929403480423,
lancaster_perceptual,T_prompt_primary,28,trajectory,0.11317524173713439,
THINGS behavioral similarity,T_prompt_primary,29,trajectory,0.17536644398545667,
controlled_THINGS,T_prompt_primary,29,trajectory,0.1688907121610391,
SigLIP2,T_prompt_primary,29,trajectory,0.13085286045428726,
lancaster_perceptual,T_prompt_primary,29,trajectory,0.12913478959156044,
THINGS behavioral similarity,T_prompt_primary,30,trajectory,0.19547669375357327,
controlled_THINGS,T_prompt_primary,30,trajectory,0.1870123041160424,
SigLIP2,T_prompt_primary,30,trajectory,0.14166841961582388,
lancaster_perceptual,T_prompt_primary,30,trajectory,0.15495816337221943,
THINGS behavioral similarity,T_prompt_primary,31,trajectory,0.21444827204942413,
controlled_THINGS,T_prompt_primary,31,trajectory,0.20401397490332354,
SigLIP2,T_prompt_primary,31,trajectory,0.15003429699840234,
lancaster_perceptual,T_prompt_primary,31,trajectory,0.1895671841659584,
THINGS behavioral similarity,T_prompt_primary,32,trajectory,0.22042843554199015,
controlled_THINGS,T_prompt_primary,32,trajectory,0.20664869834219726,
SigLIP2,T_prompt_primary,32,trajectory,0.15307469929447115,
lancaster_perceptual,T_prompt_primary,32,trajectory,0.1816415002099394,
THINGS behavioral similarity,M_text_only,0,trajectory,0.09241568404035716,
controlled_THINGS,M_text_only,0,trajectory,0.08831683933466064,
SigLIP2,M_text_only,0,trajectory,0.07302365242467256,
lancaster_perceptual,M_text_only,0,trajectory,0.060878380859286416,
THINGS behavioral similarity,M_text_only,1,trajectory,0.04696222917793678,
controlled_THINGS,M_text_only,1,trajectory,0.04729894736944165,
SigLIP2,M_text_only,1,trajectory,0.041487258886181023,
lancaster_perceptual,M_text_only,1,trajectory,0.03726627011609091,
THINGS behavioral similarity,M_text_only,2,trajectory,0.04785220254036732,
controlled_THINGS,M_text_only,2,trajectory,0.04940201343896907,
SigLIP2,M_text_only,2,trajectory,0.04202339776497186,
lancaster_perceptual,M_text_only,2,trajectory,0.05155022345752784,
THINGS behavioral similarity,M_text_only,3,trajectory,0.045088265139398905,
controlled_THINGS,M_text_only,3,trajectory,0.045243933722271146,
SigLIP2,M_text_only,3,trajectory,0.04402003098837568,
lancaster_perceptual,M_text_only,3,trajectory,0.049021039104684326,
THINGS behavioral similarity,M_text_only,4,trajectory,0.04920836811825297,
controlled_THINGS,M_text_only,4,trajectory,0.05179187852879304,
SigLIP2,M_text_only,4,trajectory,0.03875778967624372,
lancaster_perceptual,M_text_only,4,trajectory,0.03565387841343188,
THINGS behavioral similarity,M_text_only,5,trajectory,0.0689688269153776,
controlled_THINGS,M_text_only,5,trajectory,0.06934047090758613,
SigLIP2,M_text_only,5,trajectory,0.01661032760697223,
lancaster_perceptual,M_text_only,5,trajectory,0.03523815386524474,
THINGS behavioral similarity,M_text_only,6,trajectory,0.10438545275503434,
controlled_THINGS,M_text_only,6,trajectory,0.10243986787014056,
SigLIP2,M_text_only,6,trajectory,0.03996758825462553,
lancaster_perceptual,M_text_only,6,trajectory,0.06839561091449667,
THINGS behavioral similarity,M_text_only,7,trajectory,0.11155420491414174,
controlled_THINGS,M_text_only,7,trajectory,0.10470052368215368,
SigLIP2,M_text_only,7,trajectory,0.04579949108973037,
lancaster_perceptual,M_text_only,7,trajectory,0.07000689793068698,
THINGS behavioral similarity,M_text_only,8,trajectory,0.12060886993802725,
controlled_THINGS,M_text_only,8,trajectory,0.11223250776725893,
SigLIP2,M_text_only,8,trajectory,0.039436316018494594,
lancaster_perceptual,M_text_only,8,trajectory,0.0663635084793256,
THINGS behavioral similarity,M_text_only,9,trajectory,0.1228530394133663,
controlled_THINGS,M_text_only,9,trajectory,0.11426322386379657,
SigLIP2,M_text_only,9,trajectory,0.03711474977657003,
lancaster_perceptual,M_text_only,9,trajectory,0.037068747809657236,
THINGS behavioral similarity,M_text_only,10,trajectory,0.1479070005699795,
controlled_THINGS,M_text_only,10,trajectory,0.1386892855933644,
SigLIP2,M_text_only,10,trajectory,0.06062741816678372,
lancaster_perceptual,M_text_only,10,trajectory,0.06868870804633861,
THINGS behavioral similarity,M_text_only,11,trajectory,0.1961037868152444,
controlled_THINGS,M_text_only,11,trajectory,0.18506253690781946,
SigLIP2,M_text_only,11,trajectory,0.10300176802323883,
lancaster_perceptual,M_text_only,11,trajectory,0.13463167639734247,
THINGS behavioral similarity,M_text_only,12,trajectory,0.2088391026317477,
controlled_THINGS,M_text_only,12,trajectory,0.19775749316158023,
SigLIP2,M_text_only,12,trajectory,0.11065684458988936,
lancaster_perceptual,M_text_only,12,trajectory,0.16419619219172907,
THINGS behavioral similarity,M_text_only,13,trajectory,0.21364386168998725,
controlled_THINGS,M_text_only,13,trajectory,0.20262444499105703,
SigLIP2,M_text_only,13,trajectory,0.122590208548091,
lancaster_perceptual,M_text_only,13,trajectory,0.18245195676512832,
THINGS behavioral similarity,M_text_only,14,trajectory,0.21940803986224452,
controlled_THINGS,M_text_only,14,trajectory,0.20864165936867687,
SigLIP2,M_text_only,14,trajectory,0.13732104976972714,
lancaster_perceptual,M_text_only,14,trajectory,0.1734623908986982,
THINGS behavioral similarity,M_text_only,15,trajectory,0.222479520762504,
controlled_THINGS,M_text_only,15,trajectory,0.21228447443629547,
SigLIP2,M_text_only,15,trajectory,0.14989290078907835,
lancaster_perceptual,M_text_only,15,trajectory,0.171882999981759,
THINGS behavioral similarity,M_text_only,16,trajectory,0.21053615622155333,
controlled_THINGS,M_text_only,16,trajectory,0.20099605455770503,
SigLIP2,M_text_only,16,trajectory,0.14979335859652512,
lancaster_perceptual,M_text_only,16,trajectory,0.14321101940554973,
THINGS behavioral similarity,M_text_only,17,trajectory,0.20957325270208085,
controlled_THINGS,M_text_only,17,trajectory,0.19984808985928243,
SigLIP2,M_text_only,17,trajectory,0.15045145614879987,
lancaster_perceptual,M_text_only,17,trajectory,0.14392212013815314,
THINGS behavioral similarity,M_text_only,18,trajectory,0.208928174691112,
controlled_THINGS,M_text_only,18,trajectory,0.19990578101069834,
SigLIP2,M_text_only,18,trajectory,0.14894215410599024,
lancaster_perceptual,M_text_only,18,trajectory,0.14811331758309051,
THINGS behavioral similarity,M_text_only,19,trajectory,0.20046932496496378,
controlled_THINGS,M_text_only,19,trajectory,0.19171003531870492,
SigLIP2,M_text_only,19,trajectory,0.14259533427298726,
lancaster_perceptual,M_text_only,19,trajectory,0.15124043971798873,
THINGS behavioral similarity,M_text_only,20,trajectory,0.18077724915763463,
controlled_THINGS,M_text_only,20,trajectory,0.17315154370453315,
SigLIP2,M_text_only,20,trajectory,0.13683918180928026,
lancaster_perceptual,M_text_only,20,trajectory,0.12642136643475538,
THINGS behavioral similarity,M_text_only,21,trajectory,0.1751299987745123,
controlled_THINGS,M_text_only,21,trajectory,0.16891698476730824,
SigLIP2,M_text_only,21,trajectory,0.13175057209130348,
lancaster_perceptual,M_text_only,21,trajectory,0.12181388981532483,
THINGS behavioral similarity,M_text_only,22,trajectory,0.16715573742107948,
controlled_THINGS,M_text_only,22,trajectory,0.1602014881576555,
SigLIP2,M_text_only,22,trajectory,0.12847533825223545,
lancaster_perceptual,M_text_only,22,trajectory,0.11250560069117929,
THINGS behavioral similarity,M_text_only,23,trajectory,0.1562197888498755,
controlled_THINGS,M_text_only,23,trajectory,0.15145293528709697,
SigLIP2,M_text_only,23,trajectory,0.11766147652757977,
lancaster_perceptual,M_text_only,23,trajectory,0.09418072495380796,
THINGS behavioral similarity,M_text_only,24,trajectory,0.16423919264823608,
controlled_THINGS,M_text_only,24,trajectory,0.15918737495168186,
SigLIP2,M_text_only,24,trajectory,0.1293945937585331,
lancaster_perceptual,M_text_only,24,trajectory,0.10331551773585014,
THINGS behavioral similarity,M_text_only,25,trajectory,0.15253959115355953,
controlled_THINGS,M_text_only,25,trajectory,0.15037046497792433,
SigLIP2,M_text_only,25,trajectory,0.1225202838420584,
lancaster_perceptual,M_text_only,25,trajectory,0.09511598577398153,
THINGS behavioral similarity,M_text_only,26,trajectory,0.15022912629232466,
controlled_THINGS,M_text_only,26,trajectory,0.14806206878778902,
SigLIP2,M_text_only,26,trajectory,0.11974259986615125,
lancaster_perceptual,M_text_only,26,trajectory,0.08931417665896312,
THINGS behavioral similarity,M_text_only,27,trajectory,0.14282553097149342,
controlled_THINGS,M_text_only,27,trajectory,0.14224832233842635,
SigLIP2,M_text_only,27,trajectory,0.1207222122351022,
lancaster_perceptual,M_text_only,27,trajectory,0.07979383599496687,
THINGS behavioral similarity,M_text_only,28,trajectory,0.1395861716538436,
controlled_THINGS,M_text_only,28,trajectory,0.1389047866448878,
SigLIP2,M_text_only,28,trajectory,0.11323884856290975,
lancaster_perceptual,M_text_only,28,trajectory,0.07552864483538867,
THINGS behavioral similarity,M_text_only,29,trajectory,0.1327382895341173,
controlled_THINGS,M_text_only,29,trajectory,0.13284158642646418,
SigLIP2,M_text_only,29,trajectory,0.10673826582792317,
lancaster_perceptual,M_text_only,29,trajectory,0.0710143079216415,
THINGS behavioral similarity,M_text_only,30,trajectory,0.14214425240171114,
controlled_THINGS,M_text_only,30,trajectory,0.14164733603078958,
SigLIP2,M_text_only,30,trajectory,0.10447468526296792,
lancaster_perceptual,M_text_only,30,trajectory,0.10271604125980498,
THINGS behavioral similarity,M_text_only,31,trajectory,0.14976455932835153,
controlled_THINGS,M_text_only,31,trajectory,0.14747046792820778,
SigLIP2,M_text_only,31,trajectory,0.1038515986187773,
lancaster_perceptual,M_text_only,31,trajectory,0.12515262037965924,
THINGS behavioral similarity,M_text_only,32,trajectory,0.15043881070997794,
controlled_THINGS,M_text_only,32,trajectory,0.14748263618495863,
SigLIP2,M_text_only,32,trajectory,0.10493530185464715,
lancaster_perceptual,M_text_only,32,trajectory,0.14177382125691038,
THINGS behavioral similarity,M_text_only,33,trajectory,0.13943058484745371,
controlled_THINGS,M_text_only,33,trajectory,0.1361867851065703,
SigLIP2,M_text_only,33,trajectory,0.0956444940336715,
lancaster_perceptual,M_text_only,33,trajectory,0.1389661255800742,
THINGS behavioral similarity,M_text_only,34,trajectory,0.13192594680088499,
controlled_THINGS,M_text_only,34,trajectory,0.1276643948184569,
SigLIP2,M_text_only,34,trajectory,0.0832106603844703,
lancaster_perceptual,M_text_only,34,trajectory,0.13197020999435494,
THINGS behavioral similarity,M_text_only,35,trajectory,0.12387889878444033,
controlled_THINGS,M_text_only,35,trajectory,0.12012262162665026,
SigLIP2,M_text_only,35,trajectory,0.08575760338265472,
lancaster_perceptual,M_text_only,35,trajectory,0.11171172402580991,
THINGS behavioral similarity,M_text_only,36,trajectory,0.11115976485273242,
controlled_THINGS,M_text_only,36,trajectory,0.09915451906494423,
SigLIP2,M_text_only,36,trajectory,0.0895674258145492,
lancaster_perceptual,M_text_only,36,trajectory,0.12702059139993985,
THINGS behavioral similarity,M_matched_image,0,trajectory,0.09241568404035716,
controlled_THINGS,M_matched_image,0,trajectory,0.08831683933466064,
SigLIP2,M_matched_image,0,trajectory,0.07302365242467256,
lancaster_perceptual,M_matched_image,0,trajectory,0.060878380859286416,
THINGS behavioral similarity,M_matched_image,1,trajectory,0.05113432445340829,
controlled_THINGS,M_matched_image,1,trajectory,0.05174817852528149,
SigLIP2,M_matched_image,1,trajectory,0.047090082677813484,
lancaster_perceptual,M_matched_image,1,trajectory,0.038155734996746495,
THINGS behavioral similarity,M_matched_image,2,trajectory,0.053860659063104464,
controlled_THINGS,M_matched_image,2,trajectory,0.05519573914779651,
SigLIP2,M_matched_image,2,trajectory,0.04833737488904336,
lancaster_perceptual,M_matched_image,2,trajectory,0.0525312612520823,
THINGS behavioral similarity,M_matched_image,3,trajectory,0.05457925999612969,
controlled_THINGS,M_matched_image,3,trajectory,0.05462049651612156,
SigLIP2,M_matched_image,3,trajectory,0.05647567234305248,
lancaster_perceptual,M_matched_image,3,trajectory,0.05419935442791186,
THINGS behavioral similarity,M_matched_image,4,trajectory,0.0632099550187409,
controlled_THINGS,M_matched_image,4,trajectory,0.06543209095291022,
SigLIP2,M_matched_image,4,trajectory,0.05118876153909223,
lancaster_perceptual,M_matched_image,4,trajectory,0.04848627568963563,
THINGS behavioral similarity,M_matched_image,5,trajectory,0.10023624436009412,
controlled_THINGS,M_matched_image,5,trajectory,0.09880319212842618,
SigLIP2,M_matched_image,5,trajectory,0.039977515933303856,
lancaster_perceptual,M_matched_image,5,trajectory,0.06856750425883174,
THINGS behavioral similarity,M_matched_image,6,trajectory,0.1363641298895162,
controlled_THINGS,M_matched_image,6,trajectory,0.1321570454779929,
SigLIP2,M_matched_image,6,trajectory,0.05821808158576872,
lancaster_perceptual,M_matched_image,6,trajectory,0.11126189209883698,
THINGS behavioral similarity,M_matched_image,7,trajectory,0.14760323025500036,
controlled_THINGS,M_matched_image,7,trajectory,0.1398374949664707,
SigLIP2,M_matched_image,7,trajectory,0.06912431720063862,
lancaster_perceptual,M_matched_image,7,trajectory,0.13041178655299063,
THINGS behavioral similarity,M_matched_image,8,trajectory,0.15933807768744163,
controlled_THINGS,M_matched_image,8,trajectory,0.15071538148721436,
SigLIP2,M_matched_image,8,trajectory,0.07187615410936667,
lancaster_perceptual,M_matched_image,8,trajectory,0.12275408811201671,
THINGS behavioral similarity,M_matched_image,9,trajectory,0.1627767092039433,
controlled_THINGS,M_matched_image,9,trajectory,0.1541311816737985,
SigLIP2,M_matched_image,9,trajectory,0.06872177102138015,
lancaster_perceptual,M_matched_image,9,trajectory,0.08442490224385911,
THINGS behavioral similarity,M_matched_image,10,trajectory,0.1949534458560255,
controlled_THINGS,M_matched_image,10,trajectory,0.18647749074303152,
SigLIP2,M_matched_image,10,trajectory,0.11372137207604807,
lancaster_perceptual,M_matched_image,10,trajectory,0.12308168762027837,
THINGS behavioral similarity,M_matched_image,11,trajectory,0.2409336613289101,
controlled_THINGS,M_matched_image,11,trajectory,0.23025176118293222,
SigLIP2,M_matched_image,11,trajectory,0.1484443836670527,
lancaster_perceptual,M_matched_image,11,trajectory,0.17255798473428696,
THINGS behavioral similarity,M_matched_image,12,trajectory,0.2525091876564981,
controlled_THINGS,M_matched_image,12,trajectory,0.24218266383446463,
SigLIP2,M_matched_image,12,trajectory,0.1565177667302396,
lancaster_perceptual,M_matched_image,12,trajectory,0.1951657258102695,
THINGS behavioral similarity,M_matched_image,13,trajectory,0.2506179602577267,
controlled_THINGS,M_matched_image,13,trajectory,0.24058909213529664,
SigLIP2,M_matched_image,13,trajectory,0.15889452294348516,
lancaster_perceptual,M_matched_image,13,trajectory,0.19770546686251442,
THINGS behavioral similarity,M_matched_image,14,trajectory,0.2702823020846613,
controlled_THINGS,M_matched_image,14,trajectory,0.2602054176591755,
SigLIP2,M_matched_image,14,trajectory,0.1875794347023547,
lancaster_perceptual,M_matched_image,14,trajectory,0.20098913310753866,
THINGS behavioral similarity,M_matched_image,15,trajectory,0.28164609028011367,
controlled_THINGS,M_matched_image,15,trajectory,0.27171163962589606,
SigLIP2,M_matched_image,15,trajectory,0.19589416624935835,
lancaster_perceptual,M_matched_image,15,trajectory,0.21014657554560887,
THINGS behavioral similarity,M_matched_image,16,trajectory,0.2666744087369663,
controlled_THINGS,M_matched_image,16,trajectory,0.2580001879177638,
SigLIP2,M_matched_image,16,trajectory,0.19140216286250056,
lancaster_perceptual,M_matched_image,16,trajectory,0.17969011044918184,
THINGS behavioral similarity,M_matched_image,17,trajectory,0.2774586107112424,
controlled_THINGS,M_matched_image,17,trajectory,0.26801668907302945,
SigLIP2,M_matched_image,17,trajectory,0.19978681434893258,
lancaster_perceptual,M_matched_image,17,trajectory,0.18531692426744573,
THINGS behavioral similarity,M_matched_image,18,trajectory,0.2737035629816939,
controlled_THINGS,M_matched_image,18,trajectory,0.2653193895531038,
SigLIP2,M_matched_image,18,trajectory,0.19355723762898644,
lancaster_perceptual,M_matched_image,18,trajectory,0.185263982678035,
THINGS behavioral similarity,M_matched_image,19,trajectory,0.26564958757259677,
controlled_THINGS,M_matched_image,19,trajectory,0.2575197945737232,
SigLIP2,M_matched_image,19,trajectory,0.19063269913994615,
lancaster_perceptual,M_matched_image,19,trajectory,0.18526082289539544,
THINGS behavioral similarity,M_matched_image,20,trajectory,0.2434760679812058,
controlled_THINGS,M_matched_image,20,trajectory,0.23501091177530248,
SigLIP2,M_matched_image,20,trajectory,0.18135036390114836,
lancaster_perceptual,M_matched_image,20,trajectory,0.15891748025356991,
THINGS behavioral similarity,M_matched_image,21,trajectory,0.23980958369494543,
controlled_THINGS,M_matched_image,21,trajectory,0.23264366153073598,
SigLIP2,M_matched_image,21,trajectory,0.1808967804733442,
lancaster_perceptual,M_matched_image,21,trajectory,0.16071609087039465,
THINGS behavioral similarity,M_matched_image,22,trajectory,0.2271967894724211,
controlled_THINGS,M_matched_image,22,trajectory,0.21939095766864028,
SigLIP2,M_matched_image,22,trajectory,0.17396572762335624,
lancaster_perceptual,M_matched_image,22,trajectory,0.15414015748953222,
THINGS behavioral similarity,M_matched_image,23,trajectory,0.22728859868335388,
controlled_THINGS,M_matched_image,23,trajectory,0.2204765059132041,
SigLIP2,M_matched_image,23,trajectory,0.16895015417561346,
lancaster_perceptual,M_matched_image,23,trajectory,0.14935542847574498,
THINGS behavioral similarity,M_matched_image,24,trajectory,0.25596337718796275,
controlled_THINGS,M_matched_image,24,trajectory,0.24775054368279753,
SigLIP2,M_matched_image,24,trajectory,0.18939954220858232,
lancaster_perceptual,M_matched_image,24,trajectory,0.18572230613274104,
THINGS behavioral similarity,M_matched_image,25,trajectory,0.26594393033194524,
controlled_THINGS,M_matched_image,25,trajectory,0.2586153161771275,
SigLIP2,M_matched_image,25,trajectory,0.18967271659656892,
lancaster_perceptual,M_matched_image,25,trajectory,0.2157924224770182,
THINGS behavioral similarity,M_matched_image,26,trajectory,0.2549294664748778,
controlled_THINGS,M_matched_image,26,trajectory,0.24654883365025682,
SigLIP2,M_matched_image,26,trajectory,0.17190081617378905,
lancaster_perceptual,M_matched_image,26,trajectory,0.20822967391961428,
THINGS behavioral similarity,M_matched_image,27,trajectory,0.2423059345947353,
controlled_THINGS,M_matched_image,27,trajectory,0.23554622157279323,
SigLIP2,M_matched_image,27,trajectory,0.17456854785797454,
lancaster_perceptual,M_matched_image,27,trajectory,0.19428760394838196,
THINGS behavioral similarity,M_matched_image,28,trajectory,0.23289688167454414,
controlled_THINGS,M_matched_image,28,trajectory,0.22607083667923583,
SigLIP2,M_matched_image,28,trajectory,0.16594200449195373,
lancaster_perceptual,M_matched_image,28,trajectory,0.17502373993266734,
THINGS behavioral similarity,M_matched_image,29,trajectory,0.2216381413055368,
controlled_THINGS,M_matched_image,29,trajectory,0.21597661586927144,
SigLIP2,M_matched_image,29,trajectory,0.1585308484314502,
lancaster_perceptual,M_matched_image,29,trajectory,0.1642720180332614,
THINGS behavioral similarity,M_matched_image,30,trajectory,0.2290786404253595,
controlled_THINGS,M_matched_image,30,trajectory,0.22175289916943483,
SigLIP2,M_matched_image,30,trajectory,0.15855446447702273,
lancaster_perceptual,M_matched_image,30,trajectory,0.20208088593062534,
THINGS behavioral similarity,M_matched_image,31,trajectory,0.2271969911312831,
controlled_THINGS,M_matched_image,31,trajectory,0.21797135516003158,
SigLIP2,M_matched_image,31,trajectory,0.1586518856747889,
lancaster_perceptual,M_matched_image,31,trajectory,0.2061176757979814,
THINGS behavioral similarity,M_matched_image,32,trajectory,0.21914251706463744,
controlled_THINGS,M_matched_image,32,trajectory,0.20943673169969643,
SigLIP2,M_matched_image,32,trajectory,0.15920089658829464,
lancaster_perceptual,M_matched_image,32,trajectory,0.20804887943381437,
THINGS behavioral similarity,M_matched_image,33,trajectory,0.19290170272824417,
controlled_THINGS,M_matched_image,33,trajectory,0.18292866371650013,
SigLIP2,M_matched_image,33,trajectory,0.13833459168676318,
lancaster_perceptual,M_matched_image,33,trajectory,0.18951182693793855,
THINGS behavioral similarity,M_matched_image,34,trajectory,0.16488056204871918,
controlled_THINGS,M_matched_image,34,trajectory,0.15453235431876106,
SigLIP2,M_matched_image,34,trajectory,0.10937497757022588,
lancaster_perceptual,M_matched_image,34,trajectory,0.16669207987700557,
THINGS behavioral similarity,M_matched_image,35,trajectory,0.15926098997725086,
controlled_THINGS,M_matched_image,35,trajectory,0.148385990779119,
SigLIP2,M_matched_image,35,trajectory,0.10744233344943775,
lancaster_perceptual,M_matched_image,35,trajectory,0.14971454135880377,
THINGS behavioral similarity,M_matched_image,36,trajectory,0.12856163121363942,
controlled_THINGS,M_matched_image,36,trajectory,0.11219779467741771,
SigLIP2,M_matched_image,36,trajectory,0.09824391743853367,
lancaster_perceptual,M_matched_image,36,trajectory,0.18412143864239847,
THINGS behavioral similarity,M_mismatched_image,0,trajectory,0.09241568404035716,
controlled_THINGS,M_mismatched_image,0,trajectory,0.08831683933466064,
SigLIP2,M_mismatched_image,0,trajectory,0.07302365242467256,
lancaster_perceptual,M_mismatched_image,0,trajectory,0.060878380859286416,
THINGS behavioral similarity,M_mismatched_image,1,trajectory,0.04907277307424677,
controlled_THINGS,M_mismatched_image,1,trajectory,0.04994753886037665,
SigLIP2,M_mismatched_image,1,trajectory,0.04298060604398004,
lancaster_perceptual,M_mismatched_image,1,trajectory,0.039005313737423226,
THINGS behavioral similarity,M_mismatched_image,2,trajectory,0.050664779237342146,
controlled_THINGS,M_mismatched_image,2,trajectory,0.05219994486537885,
SigLIP2,M_mismatched_image,2,trajectory,0.044976425179339564,
lancaster_perceptual,M_mismatched_image,2,trajectory,0.05395009586016444,
THINGS behavioral similarity,M_mismatched_image,3,trajectory,0.0468962942887358,
controlled_THINGS,M_mismatched_image,3,trajectory,0.04791266857866711,
SigLIP2,M_mismatched_image,3,trajectory,0.04949007875221961,
lancaster_perceptual,M_mismatched_image,3,trajectory,0.052089809985395245,
THINGS behavioral similarity,M_mismatched_image,4,trajectory,0.05261455553938727,
controlled_THINGS,M_mismatched_image,4,trajectory,0.05627857094089926,
SigLIP2,M_mismatched_image,4,trajectory,0.042906264549374865,
lancaster_perceptual,M_mismatched_image,4,trajectory,0.04288692507306017,
THINGS behavioral similarity,M_mismatched_image,5,trajectory,0.08263085281292153,
controlled_THINGS,M_mismatched_image,5,trajectory,0.08340285495865458,
SigLIP2,M_mismatched_image,5,trajectory,0.030444154652795447,
lancaster_perceptual,M_mismatched_image,5,trajectory,0.05185452793166132,
THINGS behavioral similarity,M_mismatched_image,6,trajectory,0.12466858267829248,
controlled_THINGS,M_mismatched_image,6,trajectory,0.12320967036145444,
SigLIP2,M_mismatched_image,6,trajectory,0.05826560151685481,
lancaster_perceptual,M_mismatched_image,6,trajectory,0.09836090969659265,
THINGS behavioral similarity,M_mismatched_image,7,trajectory,0.13802902153372207,
controlled_THINGS,M_mismatched_image,7,trajectory,0.13404653089218793,
SigLIP2,M_mismatched_image,7,trajectory,0.0715375915108522,
lancaster_perceptual,M_mismatched_image,7,trajectory,0.108679893732327,
THINGS behavioral similarity,M_mismatched_image,8,trajectory,0.1492192222229883,
controlled_THINGS,M_mismatched_image,8,trajectory,0.14444664429543064,
SigLIP2,M_mismatched_image,8,trajectory,0.07464778583316392,
lancaster_perceptual,M_mismatched_image,8,trajectory,0.10030102804775279,
THINGS behavioral similarity,M_mismatched_image,9,trajectory,0.15000877145184474,
controlled_THINGS,M_mismatched_image,9,trajectory,0.14686247780436568,
SigLIP2,M_mismatched_image,9,trajectory,0.07885892947920163,
lancaster_perceptual,M_mismatched_image,9,trajectory,0.061496898708543656,
THINGS behavioral similarity,M_mismatched_image,10,trajectory,0.17375233719753774,
controlled_THINGS,M_mismatched_image,10,trajectory,0.16846183221650737,
SigLIP2,M_mismatched_image,10,trajectory,0.1056037183935089,
lancaster_perceptual,M_mismatched_image,10,trajectory,0.09712681837815629,
THINGS behavioral similarity,M_mismatched_image,11,trajectory,0.21537441664821053,
controlled_THINGS,M_mismatched_image,11,trajectory,0.20410563962866968,
SigLIP2,M_mismatched_image,11,trajectory,0.14296754153890895,
lancaster_perceptual,M_mismatched_image,11,trajectory,0.15052462524482127,
THINGS behavioral similarity,M_mismatched_image,12,trajectory,0.22498714098829362,
controlled_THINGS,M_mismatched_image,12,trajectory,0.21152321335201238,
SigLIP2,M_mismatched_image,12,trajectory,0.14682941706456906,
lancaster_perceptual,M_mismatched_image,12,trajectory,0.17408281229048467,
THINGS behavioral similarity,M_mismatched_image,13,trajectory,0.22500299810703533,
controlled_THINGS,M_mismatched_image,13,trajectory,0.20906044809647345,
SigLIP2,M_mismatched_image,13,trajectory,0.1546876599678851,
lancaster_perceptual,M_mismatched_image,13,trajectory,0.18340688813611278,
THINGS behavioral similarity,M_mismatched_image,14,trajectory,0.23497000196160572,
controlled_THINGS,M_mismatched_image,14,trajectory,0.22017341759870868,
SigLIP2,M_mismatched_image,14,trajectory,0.1699075549381744,
lancaster_perceptual,M_mismatched_image,14,trajectory,0.18112903232784686,
THINGS behavioral similarity,M_mismatched_image,15,trajectory,0.2384456143207273,
controlled_THINGS,M_mismatched_image,15,trajectory,0.22446439951602645,
SigLIP2,M_mismatched_image,15,trajectory,0.1790745638465942,
lancaster_perceptual,M_mismatched_image,15,trajectory,0.18339478037034404,
THINGS behavioral similarity,M_mismatched_image,16,trajectory,0.22339312813670967,
controlled_THINGS,M_mismatched_image,16,trajectory,0.21114810314757257,
SigLIP2,M_mismatched_image,16,trajectory,0.17845972311984837,
lancaster_perceptual,M_mismatched_image,16,trajectory,0.15237446140115954,
THINGS behavioral similarity,M_mismatched_image,17,trajectory,0.22206118550628806,
controlled_THINGS,M_mismatched_image,17,trajectory,0.20924351305963235,
SigLIP2,M_mismatched_image,17,trajectory,0.18156532969928196,
lancaster_perceptual,M_mismatched_image,17,trajectory,0.14928871253574233,
THINGS behavioral similarity,M_mismatched_image,18,trajectory,0.21267826680226437,
controlled_THINGS,M_mismatched_image,18,trajectory,0.20055707394084926,
SigLIP2,M_mismatched_image,18,trajectory,0.17391386717911111,
lancaster_perceptual,M_mismatched_image,18,trajectory,0.14234049732358983,
THINGS behavioral similarity,M_mismatched_image,19,trajectory,0.19919548571329035,
controlled_THINGS,M_mismatched_image,19,trajectory,0.18725949282213353,
SigLIP2,M_mismatched_image,19,trajectory,0.16307730472397847,
lancaster_perceptual,M_mismatched_image,19,trajectory,0.13149932911214982,
THINGS behavioral similarity,M_mismatched_image,20,trajectory,0.18484779788458192,
controlled_THINGS,M_mismatched_image,20,trajectory,0.17514288401782596,
SigLIP2,M_mismatched_image,20,trajectory,0.15180236221498,
lancaster_perceptual,M_mismatched_image,20,trajectory,0.11284486652913843,
THINGS behavioral similarity,M_mismatched_image,21,trajectory,0.18299961290380912,
controlled_THINGS,M_mismatched_image,21,trajectory,0.17480329150685806,
SigLIP2,M_mismatched_image,21,trajectory,0.14914691820452836,
lancaster_perceptual,M_mismatched_image,21,trajectory,0.11813018716926828,
THINGS behavioral similarity,M_mismatched_image,22,trajectory,0.17529703757168633,
controlled_THINGS,M_mismatched_image,22,trajectory,0.16763595359535488,
SigLIP2,M_mismatched_image,22,trajectory,0.1418445832788302,
lancaster_perceptual,M_mismatched_image,22,trajectory,0.10938329454141975,
THINGS behavioral similarity,M_mismatched_image,23,trajectory,0.17303148322509676,
controlled_THINGS,M_mismatched_image,23,trajectory,0.1677704616533968,
SigLIP2,M_mismatched_image,23,trajectory,0.13072362845281313,
lancaster_perceptual,M_mismatched_image,23,trajectory,0.10236913698673498,
THINGS behavioral similarity,M_mismatched_image,24,trajectory,0.18599037168633117,
controlled_THINGS,M_mismatched_image,24,trajectory,0.18136411766951285,
SigLIP2,M_mismatched_image,24,trajectory,0.13869460812354573,
lancaster_perceptual,M_mismatched_image,24,trajectory,0.12415329202641626,
THINGS behavioral similarity,M_mismatched_image,25,trajectory,0.18140509199455102,
controlled_THINGS,M_mismatched_image,25,trajectory,0.17969015601912908,
SigLIP2,M_mismatched_image,25,trajectory,0.1273872325762584,
lancaster_perceptual,M_mismatched_image,25,trajectory,0.13169565046697473,
THINGS behavioral similarity,M_mismatched_image,26,trajectory,0.1791515338684017,
controlled_THINGS,M_mismatched_image,26,trajectory,0.17777384110572017,
SigLIP2,M_mismatched_image,26,trajectory,0.11902060697793813,
lancaster_perceptual,M_mismatched_image,26,trajectory,0.12764249581819886,
THINGS behavioral similarity,M_mismatched_image,27,trajectory,0.1705088276677683,
controlled_THINGS,M_mismatched_image,27,trajectory,0.1702959529786564,
SigLIP2,M_mismatched_image,27,trajectory,0.11705841280609965,
lancaster_perceptual,M_mismatched_image,27,trajectory,0.11929781318749952,
THINGS behavioral similarity,M_mismatched_image,28,trajectory,0.165653491674222,
controlled_THINGS,M_mismatched_image,28,trajectory,0.16507785810210487,
SigLIP2,M_mismatched_image,28,trajectory,0.1067362036288799,
lancaster_perceptual,M_mismatched_image,28,trajectory,0.11168271763694634,
THINGS behavioral similarity,M_mismatched_image,29,trajectory,0.16055491780310144,
controlled_THINGS,M_mismatched_image,29,trajectory,0.16025673902373014,
SigLIP2,M_mismatched_image,29,trajectory,0.09826290504540716,
lancaster_perceptual,M_mismatched_image,29,trajectory,0.1095197097241104,
THINGS behavioral similarity,M_mismatched_image,30,trajectory,0.17000274859445547,
controlled_THINGS,M_mismatched_image,30,trajectory,0.16735565115116224,
SigLIP2,M_mismatched_image,30,trajectory,0.09155051653825035,
lancaster_perceptual,M_mismatched_image,30,trajectory,0.14516691428265566,
THINGS behavioral similarity,M_mismatched_image,31,trajectory,0.1763173861971985,
controlled_THINGS,M_mismatched_image,31,trajectory,0.1706535489999491,
SigLIP2,M_mismatched_image,31,trajectory,0.08750889411042713,
lancaster_perceptual,M_mismatched_image,31,trajectory,0.16497371585930945,
THINGS behavioral similarity,M_mismatched_image,32,trajectory,0.17612816963553354,
controlled_THINGS,M_mismatched_image,32,trajectory,0.1686242376243211,
SigLIP2,M_mismatched_image,32,trajectory,0.08808743985411585,
lancaster_perceptual,M_mismatched_image,32,trajectory,0.17874602163170358,
THINGS behavioral similarity,M_mismatched_image,33,trajectory,0.16267136183570194,
controlled_THINGS,M_mismatched_image,33,trajectory,0.1542816794565379,
SigLIP2,M_mismatched_image,33,trajectory,0.07718107144818147,
lancaster_perceptual,M_mismatched_image,33,trajectory,0.17282639309342696,
THINGS behavioral similarity,M_mismatched_image,34,trajectory,0.14866918274048116,
controlled_THINGS,M_mismatched_image,34,trajectory,0.13932199077349855,
SigLIP2,M_mismatched_image,34,trajectory,0.06186836596994354,
lancaster_perceptual,M_mismatched_image,34,trajectory,0.15745191312425474,
THINGS behavioral similarity,M_mismatched_image,35,trajectory,0.139591871517719,
controlled_THINGS,M_mismatched_image,35,trajectory,0.13068540384480679,
SigLIP2,M_mismatched_image,35,trajectory,0.06286124745311938,
lancaster_perceptual,M_mismatched_image,35,trajectory,0.13670801498491714,
THINGS behavioral similarity,M_mismatched_image,36,trajectory,0.12419677409283697,
controlled_THINGS,M_mismatched_image,36,trajectory,0.10892299410456872,
SigLIP2,M_mismatched_image,36,trajectory,0.05782221807937292,
lancaster_perceptual,M_mismatched_image,36,trajectory,0.16563928622216295,
THINGS behavioral similarity,M_blank_image,0,trajectory,0.09241568404035716,
controlled_THINGS,M_blank_image,0,trajectory,0.08831683933466064,
SigLIP2,M_blank_image,0,trajectory,0.07302365242467256,
lancaster_perceptual,M_blank_image,0,trajectory,0.060878380859286416,
THINGS behavioral similarity,M_blank_image,1,trajectory,0.04765376377871165,
controlled_THINGS,M_blank_image,1,trajectory,0.04828514622621548,
SigLIP2,M_blank_image,1,trajectory,0.04271890443666045,
lancaster_perceptual,M_blank_image,1,trajectory,0.036816635049744514,
THINGS behavioral similarity,M_blank_image,2,trajectory,0.048460285012272404,
controlled_THINGS,M_blank_image,2,trajectory,0.05006000617244488,
SigLIP2,M_blank_image,2,trajectory,0.04256907728749576,
lancaster_perceptual,M_blank_image,2,trajectory,0.05269986901191773,
THINGS behavioral similarity,M_blank_image,3,trajectory,0.04537385507162218,
controlled_THINGS,M_blank_image,3,trajectory,0.04589383127741238,
SigLIP2,M_blank_image,3,trajectory,0.04409972681672631,
lancaster_perceptual,M_blank_image,3,trajectory,0.05267575150516426,
THINGS behavioral similarity,M_blank_image,4,trajectory,0.049690782343323865,
controlled_THINGS,M_blank_image,4,trajectory,0.05259801235166138,
SigLIP2,M_blank_image,4,trajectory,0.04003251122911829,
lancaster_perceptual,M_blank_image,4,trajectory,0.03919145147236077,
THINGS behavioral similarity,M_blank_image,5,trajectory,0.07186617237872457,
controlled_THINGS,M_blank_image,5,trajectory,0.07256793637079126,
SigLIP2,M_blank_image,5,trajectory,0.021445412474829773,
lancaster_perceptual,M_blank_image,5,trajectory,0.038256701247489575,
THINGS behavioral similarity,M_blank_image,6,trajectory,0.10989196020358513,
controlled_THINGS,M_blank_image,6,trajectory,0.10797597265867749,
SigLIP2,M_blank_image,6,trajectory,0.045617779406111184,
lancaster_perceptual,M_blank_image,6,trajectory,0.07645509229032867,
THINGS behavioral similarity,M_blank_image,7,trajectory,0.11482712396294541,
controlled_THINGS,M_blank_image,7,trajectory,0.1086107146731143,
SigLIP2,M_blank_image,7,trajectory,0.05024829108631578,
lancaster_perceptual,M_blank_image,7,trajectory,0.0758662062830535,
THINGS behavioral similarity,M_blank_image,8,trajectory,0.12659568987653547,
controlled_THINGS,M_blank_image,8,trajectory,0.11901850777133278,
SigLIP2,M_blank_image,8,trajectory,0.048055264838982516,
lancaster_perceptual,M_blank_image,8,trajectory,0.07278111464476408,
THINGS behavioral similarity,M_blank_image,9,trajectory,0.13228610560974888,
controlled_THINGS,M_blank_image,9,trajectory,0.12460527197181806,
SigLIP2,M_blank_image,9,trajectory,0.05067926111568778,
lancaster_perceptual,M_blank_image,9,trajectory,0.043956740343221744,
THINGS behavioral similarity,M_blank_image,10,trajectory,0.15706211030212583,
controlled_THINGS,M_blank_image,10,trajectory,0.14911834877627403,
SigLIP2,M_blank_image,10,trajectory,0.07588204732841937,
lancaster_perceptual,M_blank_image,10,trajectory,0.07231959942055013,
THINGS behavioral similarity,M_blank_image,11,trajectory,0.20965358011768004,
controlled_THINGS,M_blank_image,11,trajectory,0.19947480339340448,
SigLIP2,M_blank_image,11,trajectory,0.12222083552521466,
lancaster_perceptual,M_blank_image,11,trajectory,0.13011817486782074,
THINGS behavioral similarity,M_blank_image,12,trajectory,0.22437364994132333,
controlled_THINGS,M_blank_image,12,trajectory,0.2139530395228062,
SigLIP2,M_blank_image,12,trajectory,0.13149247211010864,
lancaster_perceptual,M_blank_image,12,trajectory,0.15920534472642695,
THINGS behavioral similarity,M_blank_image,13,trajectory,0.23350212159673847,
controlled_THINGS,M_blank_image,13,trajectory,0.22277990801771322,
SigLIP2,M_blank_image,13,trajectory,0.14487120666091358,
lancaster_perceptual,M_blank_image,13,trajectory,0.1778490381832559,
THINGS behavioral similarity,M_blank_image,14,trajectory,0.2398639076838189,
controlled_THINGS,M_blank_image,14,trajectory,0.2296051218813594,
SigLIP2,M_blank_image,14,trajectory,0.16159039078536286,
lancaster_perceptual,M_blank_image,14,trajectory,0.17181606344888498,
THINGS behavioral similarity,M_blank_image,15,trajectory,0.24555816108972425,
controlled_THINGS,M_blank_image,15,trajectory,0.23571842893093986,
SigLIP2,M_blank_image,15,trajectory,0.17646675287499594,
lancaster_perceptual,M_blank_image,15,trajectory,0.17455919140754153,
THINGS behavioral similarity,M_blank_image,16,trajectory,0.22867667138842382,
controlled_THINGS,M_blank_image,16,trajectory,0.21956674500584458,
SigLIP2,M_blank_image,16,trajectory,0.17381930744287158,
lancaster_perceptual,M_blank_image,16,trajectory,0.1408195073182001,
THINGS behavioral similarity,M_blank_image,17,trajectory,0.22944267912923597,
controlled_THINGS,M_blank_image,17,trajectory,0.21992311153397834,
SigLIP2,M_blank_image,17,trajectory,0.17636390682130718,
lancaster_perceptual,M_blank_image,17,trajectory,0.1414693989231333,
THINGS behavioral similarity,M_blank_image,18,trajectory,0.22774734759985832,
controlled_THINGS,M_blank_image,18,trajectory,0.21913711866848734,
SigLIP2,M_blank_image,18,trajectory,0.1736571218346909,
lancaster_perceptual,M_blank_image,18,trajectory,0.14404849314949145,
THINGS behavioral similarity,M_blank_image,19,trajectory,0.21834985952729558,
controlled_THINGS,M_blank_image,19,trajectory,0.2099279309357807,
SigLIP2,M_blank_image,19,trajectory,0.16354814190678796,
lancaster_perceptual,M_blank_image,19,trajectory,0.1466062038403606,
THINGS behavioral similarity,M_blank_image,20,trajectory,0.19021836421490831,
controlled_THINGS,M_blank_image,20,trajectory,0.18334494900803983,
SigLIP2,M_blank_image,20,trajectory,0.1516775870246161,
lancaster_perceptual,M_blank_image,20,trajectory,0.11615761525606436,
THINGS behavioral similarity,M_blank_image,21,trajectory,0.18413147591635734,
controlled_THINGS,M_blank_image,21,trajectory,0.17867416057279556,
SigLIP2,M_blank_image,21,trajectory,0.14575666852117403,
lancaster_perceptual,M_blank_image,21,trajectory,0.11374822678095353,
THINGS behavioral similarity,M_blank_image,22,trajectory,0.1697327857072903,
controlled_THINGS,M_blank_image,22,trajectory,0.16408972654138673,
SigLIP2,M_blank_image,22,trajectory,0.1379722499165706,
lancaster_perceptual,M_blank_image,22,trajectory,0.10074885918308098,
THINGS behavioral similarity,M_blank_image,23,trajectory,0.15875976752972232,
controlled_THINGS,M_blank_image,23,trajectory,0.15520638459977507,
SigLIP2,M_blank_image,23,trajectory,0.12582008375295053,
lancaster_perceptual,M_blank_image,23,trajectory,0.08798802914875412,
THINGS behavioral similarity,M_blank_image,24,trajectory,0.17028608740316017,
controlled_THINGS,M_blank_image,24,trajectory,0.16598632767526597,
SigLIP2,M_blank_image,24,trajectory,0.13417436250768072,
lancaster_perceptual,M_blank_image,24,trajectory,0.10446197386148981,
THINGS behavioral similarity,M_blank_image,25,trajectory,0.15989234590522275,
controlled_THINGS,M_blank_image,25,trajectory,0.15795306361857933,
SigLIP2,M_blank_image,25,trajectory,0.1241481640867264,
lancaster_perceptual,M_blank_image,25,trajectory,0.1044618278281646,
THINGS behavioral similarity,M_blank_image,26,trajectory,0.15735444967251358,
controlled_THINGS,M_blank_image,26,trajectory,0.15525235026882558,
SigLIP2,M_blank_image,26,trajectory,0.11897207117049452,
lancaster_perceptual,M_blank_image,26,trajectory,0.10020542771899826,
THINGS behavioral similarity,M_blank_image,27,trajectory,0.14868815357465706,
controlled_THINGS,M_blank_image,27,trajectory,0.14808321861592516,
SigLIP2,M_blank_image,27,trajectory,0.11852880487300449,
lancaster_perceptual,M_blank_image,27,trajectory,0.09108733153816023,
THINGS behavioral similarity,M_blank_image,28,trajectory,0.14568222160886374,
controlled_THINGS,M_blank_image,28,trajectory,0.14481030559096936,
SigLIP2,M_blank_image,28,trajectory,0.11020430816425428,
lancaster_perceptual,M_blank_image,28,trajectory,0.08617723882427585,
THINGS behavioral similarity,M_blank_image,29,trajectory,0.13815297354505132,
controlled_THINGS,M_blank_image,29,trajectory,0.13799511460083058,
SigLIP2,M_blank_image,29,trajectory,0.10305846458631,
lancaster_perceptual,M_blank_image,29,trajectory,0.0819677200562602,
THINGS behavioral similarity,M_blank_image,30,trajectory,0.14802153321184652,
controlled_THINGS,M_blank_image,30,trajectory,0.14702043054766337,
SigLIP2,M_blank_image,30,trajectory,0.09932484248862503,
lancaster_perceptual,M_blank_image,30,trajectory,0.11547693904849134,
THINGS behavioral similarity,M_blank_image,31,trajectory,0.15637162298154203,
controlled_THINGS,M_blank_image,31,trajectory,0.15332107232217174,
SigLIP2,M_blank_image,31,trajectory,0.09790117345680023,
lancaster_perceptual,M_blank_image,31,trajectory,0.13792685437196828,
THINGS behavioral similarity,M_blank_image,32,trajectory,0.15582155933583344,
controlled_THINGS,M_blank_image,32,trajectory,0.15190320139258112,
SigLIP2,M_blank_image,32,trajectory,0.09852484088621952,
lancaster_perceptual,M_blank_image,32,trajectory,0.15315594701862276,
THINGS behavioral similarity,M_blank_image,33,trajectory,0.14330985520154627,
controlled_THINGS,M_blank_image,33,trajectory,0.13888589071683394,
SigLIP2,M_blank_image,33,trajectory,0.0883103801502628,
lancaster_perceptual,M_blank_image,33,trajectory,0.14937692426115756,
THINGS behavioral similarity,M_blank_image,34,trajectory,0.13386857439161967,
controlled_THINGS,M_blank_image,34,trajectory,0.12842532129671097,
SigLIP2,M_blank_image,34,trajectory,0.07483452660351382,
lancaster_perceptual,M_blank_image,34,trajectory,0.1418981064031296,
THINGS behavioral similarity,M_blank_image,35,trajectory,0.1275342040455743,
controlled_THINGS,M_blank_image,35,trajectory,0.12226891107063263,
SigLIP2,M_blank_image,35,trajectory,0.07667977722753899,
lancaster_perceptual,M_blank_image,35,trajectory,0.12351347366422674,
THINGS behavioral similarity,M_blank_image,36,trajectory,0.12071839888313894,
controlled_THINGS,M_blank_image,36,trajectory,0.10623968116598949,
SigLIP2,M_blank_image,36,trajectory,0.08416999808765126,
lancaster_perceptual,M_blank_image,36,trajectory,0.14490118356563142,
THINGS behavioral similarity,M_degraded_image,0,trajectory,0.09241568404035716,
controlled_THINGS,M_degraded_image,0,trajectory,0.08831683933466064,
SigLIP2,M_degraded_image,0,trajectory,0.07302365242467256,
lancaster_perceptual,M_degraded_image,0,trajectory,0.060878380859286416,
THINGS behavioral similarity,M_degraded_image,1,trajectory,0.051581138084114735,
controlled_THINGS,M_degraded_image,1,trajectory,0.05233043932316221,
SigLIP2,M_degraded_image,1,trajectory,0.04576712614231515,
lancaster_perceptual,M_degraded_image,1,trajectory,0.03744701363625005,
THINGS behavioral similarity,M_degraded_image,2,trajectory,0.053775566135912334,
controlled_THINGS,M_degraded_image,2,trajectory,0.055151924269662485,
SigLIP2,M_degraded_image,2,trajectory,0.04684061529956786,
lancaster_perceptual,M_degraded_image,2,trajectory,0.05298360941949837,
THINGS behavioral similarity,M_degraded_image,3,trajectory,0.05428783373444698,
controlled_THINGS,M_degraded_image,3,trajectory,0.05435129953341636,
SigLIP2,M_degraded_image,3,trajectory,0.05556724709719155,
lancaster_perceptual,M_degraded_image,3,trajectory,0.053306011043799846,
THINGS behavioral similarity,M_degraded_image,4,trajectory,0.06079448645673843,
controlled_THINGS,M_degraded_image,4,trajectory,0.06309882939810942,
SigLIP2,M_degraded_image,4,trajectory,0.05021595024376275,
lancaster_perceptual,M_degraded_image,4,trajectory,0.04623874879694041,
THINGS behavioral similarity,M_degraded_image,5,trajectory,0.09473225533253601,
controlled_THINGS,M_degraded_image,5,trajectory,0.09349122120906629,
SigLIP2,M_degraded_image,5,trajectory,0.03898154607487651,
lancaster_perceptual,M_degraded_image,5,trajectory,0.06274738862512867,
THINGS behavioral similarity,M_degraded_image,6,trajectory,0.1300207633691878,
controlled_THINGS,M_degraded_image,6,trajectory,0.12611570737423639,
SigLIP2,M_degraded_image,6,trajectory,0.05534638158150724,
lancaster_perceptual,M_degraded_image,6,trajectory,0.10681231306666088,
THINGS behavioral similarity,M_degraded_image,7,trajectory,0.13836877508464285,
controlled_THINGS,M_degraded_image,7,trajectory,0.13130887434594338,
SigLIP2,M_degraded_image,7,trajectory,0.0639240380960838,
lancaster_perceptual,M_degraded_image,7,trajectory,0.12316337794317858,
THINGS behavioral similarity,M_degraded_image,8,trajectory,0.14963865197322837,
controlled_THINGS,M_degraded_image,8,trajectory,0.14172285554690173,
SigLIP2,M_degraded_image,8,trajectory,0.06579857497558196,
lancaster_perceptual,M_degraded_image,8,trajectory,0.1169798688353225,
THINGS behavioral similarity,M_degraded_image,9,trajectory,0.15548644604927414,
controlled_THINGS,M_degraded_image,9,trajectory,0.14790857194886867,
SigLIP2,M_degraded_image,9,trajectory,0.06521582856744682,
lancaster_perceptual,M_degraded_image,9,trajectory,0.08135039441444375,
THINGS behavioral similarity,M_degraded_image,10,trajectory,0.18561985310604665,
controlled_THINGS,M_degraded_image,10,trajectory,0.1776970139912695,
SigLIP2,M_degraded_image,10,trajectory,0.10515518933788824,
lancaster_perceptual,M_degraded_image,10,trajectory,0.11661226440529336,
THINGS behavioral similarity,M_degraded_image,11,trajectory,0.23193238761333562,
controlled_THINGS,M_degraded_image,11,trajectory,0.220903772342761,
SigLIP2,M_degraded_image,11,trajectory,0.14039476118964006,
lancaster_perceptual,M_degraded_image,11,trajectory,0.1650867187682946,
THINGS behavioral similarity,M_degraded_image,12,trajectory,0.24522830988075717,
controlled_THINGS,M_degraded_image,12,trajectory,0.23458841396334443,
SigLIP2,M_degraded_image,12,trajectory,0.15003665765282206,
lancaster_perceptual,M_degraded_image,12,trajectory,0.18678093961653794,
THINGS behavioral similarity,M_degraded_image,13,trajectory,0.24912412173558984,
controlled_THINGS,M_degraded_image,13,trajectory,0.23893209801272156,
SigLIP2,M_degraded_image,13,trajectory,0.1555927202053971,
lancaster_perceptual,M_degraded_image,13,trajectory,0.1967938110807207,
THINGS behavioral similarity,M_degraded_image,14,trajectory,0.269108508121645,
controlled_THINGS,M_degraded_image,14,trajectory,0.25918800123390695,
SigLIP2,M_degraded_image,14,trajectory,0.1839235978841532,
lancaster_perceptual,M_degraded_image,14,trajectory,0.2001763561109137,
THINGS behavioral similarity,M_degraded_image,15,trajectory,0.2814360887778067,
controlled_THINGS,M_degraded_image,15,trajectory,0.27173622757692645,
SigLIP2,M_degraded_image,15,trajectory,0.195489382613178,
lancaster_perceptual,M_degraded_image,15,trajectory,0.20945647750569632,
THINGS behavioral similarity,M_degraded_image,16,trajectory,0.26732933980949125,
controlled_THINGS,M_degraded_image,16,trajectory,0.25931541232794564,
SigLIP2,M_degraded_image,16,trajectory,0.18926530605904807,
lancaster_perceptual,M_degraded_image,16,trajectory,0.1820463905524175,
THINGS behavioral similarity,M_degraded_image,17,trajectory,0.27361227041609576,
controlled_THINGS,M_degraded_image,17,trajectory,0.2649385701403444,
SigLIP2,M_degraded_image,17,trajectory,0.1963974286540308,
lancaster_perceptual,M_degraded_image,17,trajectory,0.18563213973732734,
THINGS behavioral similarity,M_degraded_image,18,trajectory,0.2708100321561372,
controlled_THINGS,M_degraded_image,18,trajectory,0.26317885270226554,
SigLIP2,M_degraded_image,18,trajectory,0.18944537060169353,
lancaster_perceptual,M_degraded_image,18,trajectory,0.18421212362466122,
THINGS behavioral similarity,M_degraded_image,19,trajectory,0.2613299651046299,
controlled_THINGS,M_degraded_image,19,trajectory,0.25387727420595635,
SigLIP2,M_degraded_image,19,trajectory,0.18222766249325303,
lancaster_perceptual,M_degraded_image,19,trajectory,0.1840009069305173,
THINGS behavioral similarity,M_degraded_image,20,trajectory,0.24093074225698485,
controlled_THINGS,M_degraded_image,20,trajectory,0.2332994308630124,
SigLIP2,M_degraded_image,20,trajectory,0.17869797839709964,
lancaster_perceptual,M_degraded_image,20,trajectory,0.16324108473300286,
THINGS behavioral similarity,M_degraded_image,21,trajectory,0.2358805699216673,
controlled_THINGS,M_degraded_image,21,trajectory,0.22944071297151192,
SigLIP2,M_degraded_image,21,trajectory,0.17522185817660502,
lancaster_perceptual,M_degraded_image,21,trajectory,0.16301499999471922,
THINGS behavioral similarity,M_degraded_image,22,trajectory,0.22433641578494956,
controlled_THINGS,M_degraded_image,22,trajectory,0.2173656731403863,
SigLIP2,M_degraded_image,22,trajectory,0.17116961730012614,
lancaster_perceptual,M_degraded_image,22,trajectory,0.1578207402389581,
THINGS behavioral similarity,M_degraded_image,23,trajectory,0.22397044612263797,
controlled_THINGS,M_degraded_image,23,trajectory,0.218088017061816,
SigLIP2,M_degraded_image,23,trajectory,0.16696029420924552,
lancaster_perceptual,M_degraded_image,23,trajectory,0.1481823952239583,
THINGS behavioral similarity,M_degraded_image,24,trajectory,0.25259192789448043,
controlled_THINGS,M_degraded_image,24,trajectory,0.24537706722891015,
SigLIP2,M_degraded_image,24,trajectory,0.1841772176779788,
lancaster_perceptual,M_degraded_image,24,trajectory,0.18375280950753786,
THINGS behavioral similarity,M_degraded_image,25,trajectory,0.2595056292597103,
controlled_THINGS,M_degraded_image,25,trajectory,0.25326935017919927,
SigLIP2,M_degraded_image,25,trajectory,0.18059840389189954,
lancaster_perceptual,M_degraded_image,25,trajectory,0.20920955926262697,
THINGS behavioral similarity,M_degraded_image,26,trajectory,0.2507137440233548,
controlled_THINGS,M_degraded_image,26,trajectory,0.24339191575299166,
SigLIP2,M_degraded_image,26,trajectory,0.16326467266056538,
lancaster_perceptual,M_degraded_image,26,trajectory,0.20380197686571516,
THINGS behavioral similarity,M_degraded_image,27,trajectory,0.23580030119415532,
controlled_THINGS,M_degraded_image,27,trajectory,0.23012215908777017,
SigLIP2,M_degraded_image,27,trajectory,0.1633956513442274,
lancaster_perceptual,M_degraded_image,27,trajectory,0.19208712516099366,
THINGS behavioral similarity,M_degraded_image,28,trajectory,0.22608576187876525,
controlled_THINGS,M_degraded_image,28,trajectory,0.2201748463368609,
SigLIP2,M_degraded_image,28,trajectory,0.15340406640038712,
lancaster_perceptual,M_degraded_image,28,trajectory,0.17329239096287238,
THINGS behavioral similarity,M_degraded_image,29,trajectory,0.21259107277019085,
controlled_THINGS,M_degraded_image,29,trajectory,0.207682730165367,
SigLIP2,M_degraded_image,29,trajectory,0.14307107836812422,
lancaster_perceptual,M_degraded_image,29,trajectory,0.1617111216022152,
THINGS behavioral similarity,M_degraded_image,30,trajectory,0.21859301168648584,
controlled_THINGS,M_degraded_image,30,trajectory,0.21205142534672247,
SigLIP2,M_degraded_image,30,trajectory,0.13928232591303474,
lancaster_perceptual,M_degraded_image,30,trajectory,0.196710546467414,
THINGS behavioral similarity,M_degraded_image,31,trajectory,0.2163899181622378,
controlled_THINGS,M_degraded_image,31,trajectory,0.20789458289062876,
SigLIP2,M_degraded_image,31,trajectory,0.13743324217281572,
lancaster_perceptual,M_degraded_image,31,trajectory,0.2008428175595822,
THINGS behavioral similarity,M_degraded_image,32,trajectory,0.2076540797936903,
controlled_THINGS,M_degraded_image,32,trajectory,0.19849809942264784,
SigLIP2,M_degraded_image,32,trajectory,0.13640046998236438,
lancaster_perceptual,M_degraded_image,32,trajectory,0.20226042963924679,
THINGS behavioral similarity,M_degraded_image,33,trajectory,0.18233309044045864,
controlled_THINGS,M_degraded_image,33,trajectory,0.17281792001306928,
SigLIP2,M_degraded_image,33,trajectory,0.11696318877767396,
lancaster_perceptual,M_degraded_image,33,trajectory,0.18476958622408043,
THINGS behavioral similarity,M_degraded_image,34,trajectory,0.15679466290865351,
controlled_THINGS,M_degraded_image,34,trajectory,0.14666752812607733,
SigLIP2,M_degraded_image,34,trajectory,0.09228866692157135,
lancaster_perceptual,M_degraded_image,34,trajectory,0.16445052285005726,
THINGS behavioral similarity,M_degraded_image,35,trajectory,0.15144614701321535,
controlled_THINGS,M_degraded_image,35,trajectory,0.14063919166576114,
SigLIP2,M_degraded_image,35,trajectory,0.09320280511765314,
lancaster_perceptual,M_degraded_image,35,trajectory,0.1430343320453833,
THINGS behavioral similarity,M_degraded_image,36,trajectory,0.11754990667657284,
controlled_THINGS,M_degraded_image,36,trajectory,0.10119413073712887,
SigLIP2,M_degraded_image,36,trajectory,0.08481198420862461,
lancaster_perceptual,M_degraded_image,36,trajectory,0.16902900226944076,
THINGS behavioral similarity,,,first_prompt_vs_neutral_layer,,1
THINGS behavioral similarity,,,first_matched_vs_prompt_layer,,10
THINGS behavioral similarity,,,peak_matched_vs_prompt_layer,,25
controlled_THINGS,,,first_prompt_vs_neutral_layer,,1
controlled_THINGS,,,first_matched_vs_prompt_layer,,10
controlled_THINGS,,,peak_matched_vs_prompt_layer,,25
SigLIP2,,,first_prompt_vs_neutral_layer,,1
SigLIP2,,,first_matched_vs_prompt_layer,,3
SigLIP2,,,peak_matched_vs_prompt_layer,,19
lancaster_perceptual,,,first_prompt_vs_neutral_layer,,1
lancaster_perceptual,,,first_matched_vs_prompt_layer,,2
lancaster_perceptual,,,peak_matched_vs_prompt_layer,,25
