concept,lancaster_word,mapping_method,resolved
aardvark,AARDVARK,exact_normalized,True
abacus,ABACUS,exact_normalized,True
accordion,ACCORDION,exact_normalized,True
acorn,ACORN,exact_normalized,True
air_conditioner,,unresolved,False
air_mattress,,unresolved,False
air_pump,,unresolved,False
airbag,AIRBAG,exact_normalized,True
airboat,AIRBOAT,exact_normalized,True
aircraft_carrier,,unresolved,False
airplane,AIRPLANE,exact_normalized,True
album,ALBUM,exact_normalized,True
alligator,ALLIGATOR,exact_normalized,True
almond,ALMOND,exact_normalized,True
aloe,ALOE,exact_normalized,True
alpaca,ALPACA,exact_normalized,True
altar,ALTAR,exact_normalized,True
aluminum_foil,,unresolved,False
amber,AMBER,exact_normalized,True
ambulance,AMBULANCE,exact_normalized,True
amplifier,AMPLIFIER,exact_normalized,True
anchor,ANCHOR,exact_normalized,True
ankle,ANKLE,exact_normalized,True
anklet,ANKLET,exact_normalized,True
ant,ANT,exact_normalized,True
anteater,ANTEATER,exact_normalized,True
antelope,ANTELOPE,exact_normalized,True
antenna,ANTENNA,exact_normalized,True
anvil,ANVIL,exact_normalized,True
appetizer,APPETIZER,exact_normalized,True
apple,APPLE,exact_normalized,True
apple_tree,,unresolved,False
applesauce,APPLESAUCE,exact_normalized,True
apron,APRON,exact_normalized,True
aquarium,AQUARIUM,exact_normalized,True
arch,ARCH,exact_normalized,True
arm,ARM,exact_normalized,True
armor,ARMOR,exact_normalized,True
arrow,ARROW,exact_normalized,True
artichoke,ARTICHOKE,exact_normalized,True
arugula,ARUGULA,exact_normalized,True
ashtray,ASHTRAY,exact_normalized,True
asparagus,ASPARAGUS,exact_normalized,True
avocado,AVOCADO,exact_normalized,True
awning,AWNING,exact_normalized,True
axe,AXE,exact_normalized,True
baby,BABY,exact_normalized,True
backdrop,BACKDROP,exact_normalized,True
backgammon,BACKGAMMON,exact_normalized,True
backpack,BACKPACK,exact_normalized,True
backscratcher,BACKSCRATCHER,exact_normalized,True
bacon,BACON,exact_normalized,True
badge,BADGE,exact_normalized,True
badger,BADGER,exact_normalized,True
bag,BAG,exact_normalized,True
bagel,BAGEL,exact_normalized,True
bagpipe,BAGPIPE,exact_normalized,True
baklava,BAKLAVA,exact_normalized,True
balance_beam,,unresolved,False
ball,BALL,exact_normalized,True
balloon,BALLOON,exact_normalized,True
ballot_box,,unresolved,False
bamboo,BAMBOO,exact_normalized,True
banana,BANANA,exact_normalized,True
banana_peel,,unresolved,False
banana_split,,unresolved,False
bandage,BANDAGE,exact_normalized,True
bandanna,BANDANNA,exact_normalized,True
banjo,BANJO,exact_normalized,True
bank,BANK,exact_normalized,True
banner,BANNER,exact_normalized,True
barbed_wire,,unresolved,False
barbell,BARBELL,exact_normalized,True
barcode,BARCODE,exact_normalized,True
bark,BARK,exact_normalized,True
barnacle,BARNACLE,exact_normalized,True
barrel,BARREL,exact_normalized,True
barrette,BARRETTE,exact_normalized,True
baseball,BASEBALL,exact_normalized,True
baseball_bat,,unresolved,False
baseball_glove,,unresolved,False
basil,BASIL,exact_normalized,True
basket,BASKET,exact_normalized,True
basketball,BASKETBALL,exact_normalized,True
basketball_hoop,,unresolved,False
bassinet,BASSINET,exact_normalized,True
bassoon,BASSOON,exact_normalized,True
bat1,,unresolved,False
bat2,,unresolved,False
bathmat,BATHMAT,exact_normalized,True
bathrobe,BATHROBE,exact_normalized,True
bathtub,BATHTUB,exact_normalized,True
baton1,,unresolved,False
baton2,,unresolved,False
baton3,,unresolved,False
baton4,,unresolved,False
batter,BATTER,exact_normalized,True
battery,BATTERY,exact_normalized,True
bazooka,BAZOOKA,exact_normalized,True
beachball,BEACHBALL,exact_normalized,True
bead,BEAD,exact_normalized,True
beaker,BEAKER,exact_normalized,True
bean,BEAN,exact_normalized,True
beanbag,BEANBAG,exact_normalized,True
beanie,BEANIE,exact_normalized,True
bear,BEAR,exact_normalized,True
beard,BEARD,exact_normalized,True
beaver,BEAVER,exact_normalized,True
bed,BED,exact_normalized,True
bedpan,BEDPAN,exact_normalized,True
bedpost,BEDPOST,exact_normalized,True
bee,BEE,exact_normalized,True
beehive,BEEHIVE,exact_normalized,True
beer,BEER,exact_normalized,True
beet,BEET,exact_normalized,True
beetle,BEETLE,exact_normalized,True
bell,BELL,exact_normalized,True
bell_pepper,,unresolved,False
belt,BELT,exact_normalized,True
belt_buckle,,unresolved,False
bench,BENCH,exact_normalized,True
berry,BERRY,exact_normalized,True
bib,BIB,exact_normalized,True
bike,BIKE,exact_normalized,True
bikini,BIKINI,exact_normalized,True
bin,BIN,exact_normalized,True
binder,BINDER,exact_normalized,True
binoculars,BINOCULARS,exact_normalized,True
bird,BIRD,exact_normalized,True
birdbath,BIRDBATH,exact_normalized,True
birdcage,BIRDCAGE,exact_normalized,True
birdhouse,BIRDHOUSE,exact_normalized,True
birthday_cake,,unresolved,False
biscuit,BISCUIT,exact_normalized,True
bison,BISON,exact_normalized,True
blackberry,BLACKBERRY,exact_normalized,True
blanket,BLANKET,exact_normalized,True
blazer,BLAZER,exact_normalized,True
blender,BLENDER,exact_normalized,True
blimp,BLIMP,exact_normalized,True
blind,BLIND,exact_normalized,True
blinder,BLINDER,exact_normalized,True
blindfold,BLINDFOLD,exact_normalized,True
block,BLOCK,exact_normalized,True
blouse,BLOUSE,exact_normalized,True
blower,BLOWER,exact_normalized,True
blowfish,BLOWFISH,exact_normalized,True
blowgun,BLOWGUN,exact_normalized,True
blowtorch,BLOWTORCH,exact_normalized,True
blueberry,BLUEBERRY,exact_normalized,True
boa,BOA,exact_normalized,True
boar,BOAR,exact_normalized,True
board,BOARD,exact_normalized,True
board_game,,unresolved,False
boat,BOAT,exact_normalized,True
bobsled,BOBSLED,exact_normalized,True
bok_choy,,unresolved,False
bolo_tie,,unresolved,False
bologna,BOLOGNA,exact_normalized,True
bolt,BOLT,exact_normalized,True
bomb,BOMB,exact_normalized,True
bone,BONE,exact_normalized,True
bongo,BONGO,exact_normalized,True
bonnet,BONNET,exact_normalized,True
bonsai,BONSAI,exact_normalized,True
book,BOOK,exact_normalized,True
bookmark,BOOKMARK,exact_normalized,True
bookshelf,BOOKSHELF,exact_normalized,True
boomerang,BOOMERANG,exact_normalized,True
boot,BOOT,exact_normalized,True
bottle,BOTTLE,exact_normalized,True
bottle_opener,,unresolved,False
boulder,BOULDER,exact_normalized,True
bouquet,BOUQUET,exact_normalized,True
bow1,,unresolved,False
bow2,,unresolved,False
bow3,,unresolved,False
bowl,BOWL,exact_normalized,True
bowler_hat,,unresolved,False
bowling_ball,,unresolved,False
bowtie,BOWTIE,exact_normalized,True
box,BOX,exact_normalized,True
boxer_shorts,,unresolved,False
boxing_gloves,,unresolved,False
boy,BOY,exact_normalized,True
bra,BRA,exact_normalized,True
brace,BRACE,exact_normalized,True
bracelet1,,unresolved,False
bracelet2,,unresolved,False
bracket,BRACKET,exact_normalized,True
braid,BRAID,exact_normalized,True
brake,BRAKE,exact_normalized,True
branch,BRANCH,exact_normalized,True
brass_knuckles,,unresolved,False
bread,BREAD,exact_normalized,True
breadbox,BREADBOX,exact_normalized,True
breadstick,BREADSTICK,exact_normalized,True
breakfast,BREAKFAST,exact_normalized,True
breathalyzer,BREATHALYZER,exact_normalized,True
brick,BRICK,exact_normalized,True
briefcase,BRIEFCASE,exact_normalized,True
broccoli,BROCCOLI,exact_normalized,True
brooch,BROOCH,exact_normalized,True
broom,BROOM,exact_normalized,True
brownie,BROWNIE,exact_normalized,True
brush,BRUSH,exact_normalized,True
brussels_sprouts,,unresolved,False
bubble,BUBBLE,exact_normalized,True
bubble_wrap,,unresolved,False
bucket,BUCKET,exact_normalized,True
buckle,BUCKLE,exact_normalized,True
buffet,BUFFET,exact_normalized,True
bug,BUG,exact_normalized,True
buggy,BUGGY,exact_normalized,True
bull,BULL,exact_normalized,True
bulldozer,BULLDOZER,exact_normalized,True
bullet,BULLET,exact_normalized,True
bulletin_board,,unresolved,False
bulletproof_vest,,unresolved,False
bumper,BUMPER,exact_normalized,True
bun,BUN,exact_normalized,True
bungee,BUNGEE,exact_normalized,True
bunkbed,BUNKBED,exact_normalized,True
buoy,BUOY,exact_normalized,True
burner,BURNER,exact_normalized,True
burrito,BURRITO,exact_normalized,True
bus,BUS,exact_normalized,True
bush,BUSH,exact_normalized,True
butter,BUTTER,exact_normalized,True
butterfly,BUTTERFLY,exact_normalized,True
button1,,unresolved,False
button2,,unresolved,False
cabbage,CABBAGE,exact_normalized,True
cabinet,CABINET,exact_normalized,True
cable,CABLE,exact_normalized,True
cactus,CACTUS,exact_normalized,True
cage,CAGE,exact_normalized,True
cake,CAKE,exact_normalized,True
cake_mix,,unresolved,False
calamari,CALAMARI,exact_normalized,True
calculator,CALCULATOR,exact_normalized,True
calf1,,unresolved,False
calf2,,unresolved,False
calzone,CALZONE,exact_normalized,True
camcorder,CAMCORDER,exact_normalized,True
camel,CAMEL,exact_normalized,True
camera_lens,,unresolved,False
camera1,,unresolved,False
camera2,,unresolved,False
camper,CAMPER,exact_normalized,True
can,CAN,exact_normalized,True
can_opener,,unresolved,False
candelabra,CANDELABRA,exact_normalized,True
candle,CANDLE,exact_normalized,True
candlestick,CANDLESTICK,exact_normalized,True
candy,CANDY,exact_normalized,True
candy_bar,,unresolved,False
candy_cane,,unresolved,False
cane,CANE,exact_normalized,True
canister,CANISTER,exact_normalized,True
cannon,CANNON,exact_normalized,True
cannonball,CANNONBALL,exact_normalized,True
canoe,CANOE,exact_normalized,True
cantaloupe,CANTALOUPE,exact_normalized,True
canvas,CANVAS,exact_normalized,True
cap,CAP,exact_normalized,True
cape,CAPE,exact_normalized,True
car,CAR,exact_normalized,True
car_door,,unresolved,False
car_seat,,unresolved,False
caramel,CARAMEL,exact_normalized,True
card,CARD,exact_normalized,True
cardboard,CARDBOARD,exact_normalized,True
cardigan,CARDIGAN,exact_normalized,True
cardinal,CARDINAL,exact_normalized,True
carousel,CAROUSEL,exact_normalized,True
carriage,CARRIAGE,exact_normalized,True
carrot,CARROT,exact_normalized,True
cart,CART,exact_normalized,True
cash_machine,,unresolved,False
cash_register,,unresolved,False
cashew,CASHEW,exact_normalized,True
casserole,CASSEROLE,exact_normalized,True
cassette,CASSETTE,exact_normalized,True
cat,CAT,exact_normalized,True
catapult,CATAPULT,exact_normalized,True
caterpillar,CATERPILLAR,exact_normalized,True
catfish,CATFISH,exact_normalized,True
cauliflower,CAULIFLOWER,exact_normalized,True
caviar,CAVIAR,exact_normalized,True
cd_player,,unresolved,False
celery,CELERY,exact_normalized,True
cello,CELLO,exact_normalized,True
cellphone,CELLPHONE,exact_normalized,True
cement_mixer,,unresolved,False
centerpiece,CENTERPIECE,exact_normalized,True
centrifuge,CENTRIFUGE,exact_normalized,True
cereal,CEREAL,exact_normalized,True
chain,CHAIN,exact_normalized,True
chainsaw,CHAINSAW,exact_normalized,True
chair,CHAIR,exact_normalized,True
chalice,CHALICE,exact_normalized,True
chalk,CHALK,exact_normalized,True
chalkboard,CHALKBOARD,exact_normalized,True
champagne,CHAMPAGNE,exact_normalized,True
chandelier,CHANDELIER,exact_normalized,True
chaps,CHAPS,exact_normalized,True
charcoal,CHARCOAL,exact_normalized,True
charger,CHARGER,exact_normalized,True
chariot,CHARIOT,exact_normalized,True
checkbook,CHECKBOOK,exact_normalized,True
checkers,CHECKERS,exact_normalized,True
cheese,CHEESE,exact_normalized,True
cheeseburger,CHEESEBURGER,exact_normalized,True
cheesecake,CHEESECAKE,exact_normalized,True
cheetah,CHEETAH,exact_normalized,True
cherry,CHERRY,exact_normalized,True
chess_piece,,unresolved,False
chessboard,CHESSBOARD,exact_normalized,True
chest1,,unresolved,False
chest2,,unresolved,False
chick,CHICK,exact_normalized,True
chicken_wire,,unresolved,False
chicken1,,unresolved,False
chicken2,,unresolved,False
chickpea,CHICKPEA,exact_normalized,True
chihuahua,CHIHUAHUA,exact_normalized,True
chili,CHILI,exact_normalized,True
chime,CHIME,exact_normalized,True
chimney,CHIMNEY,exact_normalized,True
chin,CHIN,exact_normalized,True
chinaware,CHINAWARE,exact_normalized,True
chinchilla,CHINCHILLA,exact_normalized,True
chip,CHIP,exact_normalized,True
chipmunk,CHIPMUNK,exact_normalized,True
chips,CHIPS,exact_normalized,True
chisel,CHISEL,exact_normalized,True
chive,CHIVE,exact_normalized,True
chocolate,CHOCOLATE,exact_normalized,True
chopsticks,CHOPSTICKS,exact_normalized,True
christmas_card,,unresolved,False
christmas_tree,,unresolved,False
chute,CHUTE,exact_normalized,True
cigar,CIGAR,exact_normalized,True
cigarette,CIGARETTE,exact_normalized,True
cigarette_butt,,unresolved,False
cigarette_holder,,unresolved,False
cilantro,CILANTRO,exact_normalized,True
cinnamon,CINNAMON,exact_normalized,True
clam,CLAM,exact_normalized,True
clarinet,CLARINET,exact_normalized,True
clasp,CLASP,exact_normalized,True
clay,CLAY,exact_normalized,True
cleat,CLEAT,exact_normalized,True
cleaver,CLEAVER,exact_normalized,True
clipboard,CLIPBOARD,exact_normalized,True
clipper1,,unresolved,False
clipper2,,unresolved,False
cloak,CLOAK,exact_normalized,True
clock,CLOCK,exact_normalized,True
closet,CLOSET,exact_normalized,True
clothes,CLOTHES,exact_normalized,True
clothesline,CLOTHESLINE,exact_normalized,True
clothespin,CLOTHESPIN,exact_normalized,True
cloud,CLOUD,exact_normalized,True
clove,CLOVE,exact_normalized,True
clover,CLOVER,exact_normalized,True
coal,COAL,exact_normalized,True
coaster,COASTER,exact_normalized,True
coat,COAT,exact_normalized,True
coat_rack,,unresolved,False
cobra,COBRA,exact_normalized,True
cockatoo,COCKATOO,exact_normalized,True
cockroach,COCKROACH,exact_normalized,True
cocktail,COCKTAIL,exact_normalized,True
coconut,COCONUT,exact_normalized,True
cocoon,COCOON,exact_normalized,True
coffee,COFFEE,exact_normalized,True
coffee_bean,,unresolved,False
coffee_filter,,unresolved,False
coffee_pot,,unresolved,False
coffee_table,,unresolved,False
coffeemaker,COFFEEMAKER,exact_normalized,True
coffin,COFFIN,exact_normalized,True
coil,COIL,exact_normalized,True
coin,COIN,exact_normalized,True
coleslaw,COLESLAW,exact_normalized,True
collar,COLLAR,exact_normalized,True
column,COLUMN,exact_normalized,True
comb,COMB,exact_normalized,True
combination_lock,,unresolved,False
comic_book,,unresolved,False
compass,COMPASS,exact_normalized,True
compost,COMPOST,exact_normalized,True
computer,COMPUTER,exact_normalized,True
computer_screen,,unresolved,False
confetti,CONFETTI,exact_normalized,True
contact_lens,,unresolved,False
container,CONTAINER,exact_normalized,True
cooker,COOKER,exact_normalized,True
cookie,COOKIE,exact_normalized,True
cookie_cutter,,unresolved,False
cookie_sheet,,unresolved,False
cooler,COOLER,exact_normalized,True
coop,COOP,exact_normalized,True
copier,COPIER,exact_normalized,True
coral,CORAL,exact_normalized,True
cord,CORD,exact_normalized,True
cordon_bleu,,unresolved,False
cork,CORK,exact_normalized,True
corkboard,CORKBOARD,exact_normalized,True
corkscrew,CORKSCREW,exact_normalized,True
corn,CORN,exact_normalized,True
cornbread,CORNBREAD,exact_normalized,True
cornhusk,CORNHUSK,exact_normalized,True
cornmeal,CORNMEAL,exact_normalized,True
cornucopia,CORNUCOPIA,exact_normalized,True
corsage,CORSAGE,exact_normalized,True
corset,CORSET,exact_normalized,True
costume,COSTUME,exact_normalized,True
cot,COT,exact_normalized,True
cotton_candy,,unresolved,False
couch,COUCH,exact_normalized,True
cougar,COUGAR,exact_normalized,True
counter,COUNTER,exact_normalized,True
coverall,COVERALL,exact_normalized,True
cow,COW,exact_normalized,True
coyote,COYOTE,exact_normalized,True
crab,CRAB,exact_normalized,True
cracker,CRACKER,exact_normalized,True
cranberry,CRANBERRY,exact_normalized,True
crane,CRANE,exact_normalized,True
crank,CRANK,exact_normalized,True
crate,CRATE,exact_normalized,True
crayfish,CRAYFISH,exact_normalized,True
crayon,CRAYON,exact_normalized,True
cream,CREAM,exact_normalized,True
cream_cheese,,unresolved,False
credit_card,,unresolved,False
creme_brulee,,unresolved,False
crepe,CREPE,exact_normalized,True
crib,CRIB,exact_normalized,True
croissant,CROISSANT,exact_normalized,True
cross,CROSS,exact_normalized,True
crossbow,CROSSBOW,exact_normalized,True
crouton,CROUTON,exact_normalized,True
crow,CROW,exact_normalized,True
crowbar,CROWBAR,exact_normalized,True
crown,CROWN,exact_normalized,True
crucifix,CRUCIFIX,exact_normalized,True
cruise_ship,,unresolved,False
crumb,CRUMB,exact_normalized,True
crutch,CRUTCH,exact_normalized,True
crystal_ball,,unresolved,False
crystal1,,unresolved,False
crystal2,,unresolved,False
cuckoo_clock,,unresolved,False
cucumber,CUCUMBER,exact_normalized,True
cufflink,CUFFLINK,exact_normalized,True
cummerbund,CUMMERBUND,exact_normalized,True
cup,CUP,exact_normalized,True
cupcake,CUPCAKE,exact_normalized,True
curb,CURB,exact_normalized,True
curling_iron,,unresolved,False
curry,CURRY,exact_normalized,True
curtain,CURTAIN,exact_normalized,True
cushion,CUSHION,exact_normalized,True
cutting_board,,unresolved,False
cymbal,CYMBAL,exact_normalized,True
dagger,DAGGER,exact_normalized,True
daisy,DAISY,exact_normalized,True
dalmatian,DALMATIAN,exact_normalized,True
dandelion,DANDELION,exact_normalized,True
dart,DART,exact_normalized,True
dartboard,DARTBOARD,exact_normalized,True
dashboard,DASHBOARD,exact_normalized,True
deer,DEER,exact_normalized,True
defibrillator,DEFIBRILLATOR,exact_normalized,True
denture,DENTURE,exact_normalized,True
deodorant,DEODORANT,exact_normalized,True
desk,DESK,exact_normalized,True
dessert,DESSERT,exact_normalized,True
detonator,DETONATOR,exact_normalized,True
dial,DIAL,exact_normalized,True
diamond,DIAMOND,exact_normalized,True
diaper,DIAPER,exact_normalized,True
dice,DICE,exact_normalized,True
dip,DIP,exact_normalized,True
dirt_bike,,unresolved,False
dish,DISH,exact_normalized,True
dishrag,DISHRAG,exact_normalized,True
dishwasher,DISHWASHER,exact_normalized,True
dishwashing_liquid,,unresolved,False
diskette,DISKETTE,exact_normalized,True
diving_board,,unresolved,False
dog,DOG,exact_normalized,True
dogfood,DOGFOOD,exact_normalized,True
doghouse,DOGHOUSE,exact_normalized,True
doily,DOILY,exact_normalized,True
doll,DOLL,exact_normalized,True
dollhouse,DOLLHOUSE,exact_normalized,True
dolly,DOLLY,exact_normalized,True
dolphin,DOLPHIN,exact_normalized,True
domino,DOMINO,exact_normalized,True
donkey,DONKEY,exact_normalized,True
donut,DONUT,exact_normalized,True
door,DOOR,exact_normalized,True
doorbell,DOORBELL,exact_normalized,True
doorhandle,DOORHANDLE,exact_normalized,True
doorknob,DOORKNOB,exact_normalized,True
doorknocker,DOORKNOCKER,exact_normalized,True
doormat,DOORMAT,exact_normalized,True
doorstop,DOORSTOP,exact_normalized,True
dough,DOUGH,exact_normalized,True
dragonfly,DRAGONFLY,exact_normalized,True
drain,DRAIN,exact_normalized,True
drawer,DRAWER,exact_normalized,True
dreidel,DREIDEL,exact_normalized,True
dress,DRESS,exact_normalized,True
dresser,DRESSER,exact_normalized,True
drill,DRILL,exact_normalized,True
drink,DRINK,exact_normalized,True
drum,DRUM,exact_normalized,True
drumstick,DRUMSTICK,exact_normalized,True
dryer,DRYER,exact_normalized,True
duck,DUCK,exact_normalized,True
duckling,DUCKLING,exact_normalized,True
duct,DUCT,exact_normalized,True
duct_tape,,unresolved,False
duffel_bag,,unresolved,False
dumbbell,DUMBBELL,exact_normalized,True
dumbwaiter,DUMBWAITER,exact_normalized,True
dumpling,DUMPLING,exact_normalized,True
dumpster,DUMPSTER,exact_normalized,True
duster,DUSTER,exact_normalized,True
dustpan,DUSTPAN,exact_normalized,True
dynamite,DYNAMITE,exact_normalized,True
eagle,EAGLE,exact_normalized,True
ear,EAR,exact_normalized,True
earplug,EARPLUG,exact_normalized,True
earring,EARRING,exact_normalized,True
earwig,EARWIG,exact_normalized,True
easel,EASEL,exact_normalized,True
easter_egg,,unresolved,False
eclair,ECLAIR,exact_normalized,True
eel,EEL,exact_normalized,True
egg,EGG,exact_normalized,True
egg_roll,,unresolved,False
eggbeater,EGGBEATER,exact_normalized,True
eggnog,EGGNOG,exact_normalized,True
eggplant,EGGPLANT,exact_normalized,True
eggshell,EGGSHELL,exact_normalized,True
elbow,ELBOW,exact_normalized,True
electric_chair,,unresolved,False
elephant,ELEPHANT,exact_normalized,True
emerald,EMERALD,exact_normalized,True
enchilada,ENCHILADA,exact_normalized,True
engine,ENGINE,exact_normalized,True
envelope,ENVELOPE,exact_normalized,True
eraser,ERASER,exact_normalized,True
espresso,ESPRESSO,exact_normalized,True
exerciser,EXERCISER,exact_normalized,True
exhaust_pipe,,unresolved,False
extinguisher,EXTINGUISHER,exact_normalized,True
eye,EYE,exact_normalized,True
eye_patch,,unresolved,False
eyedropper,EYEDROPPER,exact_normalized,True
eyeliner,EYELINER,exact_normalized,True
eyepiece,EYEPIECE,exact_normalized,True
face,FACE,exact_normalized,True
face_mask,,unresolved,False
fan,FAN,exact_normalized,True
fast_food,,unresolved,False
faucet,FAUCET,exact_normalized,True
feather,FEATHER,exact_normalized,True
fence,FENCE,exact_normalized,True
fencepost,FENCEPOST,exact_normalized,True
fern,FERN,exact_normalized,True
ferret,FERRET,exact_normalized,True
ferris_wheel,,unresolved,False
ferry,FERRY,exact_normalized,True
fig,FIG,exact_normalized,True
figurine,FIGURINE,exact_normalized,True
file1,,unresolved,False
file2,,unresolved,False
filing_cabinet,,unresolved,False
film,FILM,exact_normalized,True
filter,FILTER,exact_normalized,True
finger,FINGER,exact_normalized,True
fingerprint,FINGERPRINT,exact_normalized,True
fire,FIRE,exact_normalized,True
fire_alarm,,unresolved,False
fire_hydrant,,unresolved,False
fire_pit,,unresolved,False
firecracker,FIRECRACKER,exact_normalized,True
fireplace,FIREPLACE,exact_normalized,True
firetruck,FIRETRUCK,exact_normalized,True
firewood,FIREWOOD,exact_normalized,True
fireworks,FIREWORKS,exact_normalized,True
first-aid_kit,,unresolved,False
fish,FISH,exact_normalized,True
fishbowl,FISHBOWL,exact_normalized,True
fishhook,FISHHOOK,exact_normalized,True
fishing_pole,,unresolved,False
fishnet_stockings,,unresolved,False
flag,FLAG,exact_normalized,True
flagpole,FLAGPOLE,exact_normalized,True
flamethrower,FLAMETHROWER,exact_normalized,True
flamingo,FLAMINGO,exact_normalized,True
flan,FLAN,exact_normalized,True
flashbulb,FLASHBULB,exact_normalized,True
flashlight,FLASHLIGHT,exact_normalized,True
flask,FLASK,exact_normalized,True
flatiron,FLATIRON,exact_normalized,True
flip_flop,,unresolved,False
flipper,FLIPPER,exact_normalized,True
float,FLOAT,exact_normalized,True
floss,FLOSS,exact_normalized,True
flour,FLOUR,exact_normalized,True
flower,FLOWER,exact_normalized,True
flute,FLUTE,exact_normalized,True
fly,FLY,exact_normalized,True
flypaper,FLYPAPER,exact_normalized,True
flyswatter,FLYSWATTER,exact_normalized,True
foam,FOAM,exact_normalized,True
folder,FOLDER,exact_normalized,True
fondue,FONDUE,exact_normalized,True
food_processor,,unresolved,False
foot,FOOT,exact_normalized,True
football,FOOTBALL,exact_normalized,True
football_helmet,,unresolved,False
footbath,FOOTBATH,exact_normalized,True
footprint,FOOTPRINT,exact_normalized,True
footrest,FOOTREST,exact_normalized,True
fork,FORK,exact_normalized,True
forklift,FORKLIFT,exact_normalized,True
fossil,FOSSIL,exact_normalized,True
fountain_pen,,unresolved,False
fox,FOX,exact_normalized,True
frame,FRAME,exact_normalized,True
freezer,FREEZER,exact_normalized,True
french_fries,,unresolved,False
french_horn,,unresolved,False
frisbee,FRISBEE,exact_normalized,True
frog,FROG,exact_normalized,True
fruit,FRUIT,exact_normalized,True
fruitcake,FRUITCAKE,exact_normalized,True
fudge,FUDGE,exact_normalized,True
fungus,FUNGUS,exact_normalized,True
funnel,FUNNEL,exact_normalized,True
fur_coat,,unresolved,False
furnace,FURNACE,exact_normalized,True
fuse,FUSE,exact_normalized,True
gallows,GALLOWS,exact_normalized,True
game,GAME,exact_normalized,True
garbage,GARBAGE,exact_normalized,True
garbage_truck,,unresolved,False
gargoyle,GARGOYLE,exact_normalized,True
garlic,GARLIC,exact_normalized,True
garter,GARTER,exact_normalized,True
gas_mask,,unresolved,False
gasket,GASKET,exact_normalized,True
gate,GATE,exact_normalized,True
gauge,GAUGE,exact_normalized,True
gauze,GAUZE,exact_normalized,True
gavel,GAVEL,exact_normalized,True
gazelle,GAZELLE,exact_normalized,True
gear,GEAR,exact_normalized,True
gearshift,GEARSHIFT,exact_normalized,True
gel,GEL,exact_normalized,True
gem,GEM,exact_normalized,True
generator,GENERATOR,exact_normalized,True
gift,GIFT,exact_normalized,True
ginger,GINGER,exact_normalized,True
gingerbread_man,,unresolved,False
giraffe,GIRAFFE,exact_normalized,True
girl,GIRL,exact_normalized,True
glass,GLASS,exact_normalized,True
glasses,GLASSES,exact_normalized,True
globe,GLOBE,exact_normalized,True
glove,GLOVE,exact_normalized,True
glue,GLUE,exact_normalized,True
go-kart,,unresolved,False
goalpost,GOALPOST,exact_normalized,True
goat,GOAT,exact_normalized,True
goblet,GOBLET,exact_normalized,True
goggles,GOGGLES,exact_normalized,True
gold,GOLD,exact_normalized,True
goldfish,GOLDFISH,exact_normalized,True
golf_cart,,unresolved,False
golf_club,,unresolved,False
gondola,GONDOLA,exact_normalized,True
gong,GONG,exact_normalized,True
goose,GOOSE,exact_normalized,True
gopher,GOPHER,exact_normalized,True
gorilla,GORILLA,exact_normalized,True
gourd,GOURD,exact_normalized,True
graffiti,GRAFFITI,exact_normalized,True
grain,GRAIN,exact_normalized,True
gramophone,GRAMOPHONE,exact_normalized,True
granite,GRANITE,exact_normalized,True
granola,GRANOLA,exact_normalized,True
grape,GRAPE,exact_normalized,True
grapefruit,GRAPEFRUIT,exact_normalized,True
grapevine,GRAPEVINE,exact_normalized,True
grass,GRASS,exact_normalized,True
grasshopper,GRASSHOPPER,exact_normalized,True
grate,GRATE,exact_normalized,True
grater,GRATER,exact_normalized,True
gravel,GRAVEL,exact_normalized,True
gravestone,GRAVESTONE,exact_normalized,True
gravy,GRAVY,exact_normalized,True
green_beans,,unresolved,False
grenade,GRENADE,exact_normalized,True
grill,GRILL,exact_normalized,True
grille,GRILLE,exact_normalized,True
grinder,GRINDER,exact_normalized,True
grits,GRITS,exact_normalized,True
groundhog,GROUNDHOG,exact_normalized,True
guacamole,GUACAMOLE,exact_normalized,True
guardrail,GUARDRAIL,exact_normalized,True
guillotine,GUILLOTINE,exact_normalized,True
guinea_pig,,unresolved,False
guitar,GUITAR,exact_normalized,True
gum,GUM,exact_normalized,True
gumball,GUMBALL,exact_normalized,True
gumdrop,GUMDROP,exact_normalized,True
gun,GUN,exact_normalized,True
gurney,GURNEY,exact_normalized,True
gutter,GUTTER,exact_normalized,True
gyro,GYRO,exact_normalized,True
gyroscope,GYROSCOPE,exact_normalized,True
hail,HAIL,exact_normalized,True
hair,HAIR,exact_normalized,True
hairbrush,HAIRBRUSH,exact_normalized,True
hairdryer,HAIRDRYER,exact_normalized,True
hairnet,HAIRNET,exact_normalized,True
hairpin,HAIRPIN,exact_normalized,True
hairspray,HAIRSPRAY,exact_normalized,True
ham,HAM,exact_normalized,True
hamburger,HAMBURGER,exact_normalized,True
hammer,HAMMER,exact_normalized,True
hammock,HAMMOCK,exact_normalized,True
hamster,HAMSTER,exact_normalized,True
hand,HAND,exact_normalized,True
handbrake,HANDBRAKE,exact_normalized,True
handcuff,HANDCUFF,exact_normalized,True
handkerchief,HANDKERCHIEF,exact_normalized,True
handle,HANDLE,exact_normalized,True
handlebar,HANDLEBAR,exact_normalized,True
handprint,HANDPRINT,exact_normalized,True
hanger,HANGER,exact_normalized,True
hard_disk,,unresolved,False
harmonica,HARMONICA,exact_normalized,True
harness,HARNESS,exact_normalized,True
harp,HARP,exact_normalized,True
hash,HASH,exact_normalized,True
hat,HAT,exact_normalized,True
hatbox,HATBOX,exact_normalized,True
hatchet,HATCHET,exact_normalized,True
hawk,HAWK,exact_normalized,True
hay,HAY,exact_normalized,True
headband,HEADBAND,exact_normalized,True
headdress,HEADDRESS,exact_normalized,True
headlamp,HEADLAMP,exact_normalized,True
headlight,HEADLIGHT,exact_normalized,True
headphones,HEADPHONES,exact_normalized,True
headrest,HEADREST,exact_normalized,True
headscarf,HEADSCARF,exact_normalized,True
headset,HEADSET,exact_normalized,True
hearing_aid,,unresolved,False
hearse,HEARSE,exact_normalized,True
heater,HEATER,exact_normalized,True
hedge,HEDGE,exact_normalized,True
hedgehog,HEDGEHOG,exact_normalized,True
helicopter,HELICOPTER,exact_normalized,True
helmet,HELMET,exact_normalized,True
highchair,HIGHCHAIR,exact_normalized,True
highlighter,HIGHLIGHTER,exact_normalized,True
hinge,HINGE,exact_normalized,True
hip,HIP,exact_normalized,True
hippopotamus,HIPPOPOTAMUS,exact_normalized,True
hobbyhorse,HOBBYHORSE,exact_normalized,True
hockey_stick,,unresolved,False
hoe,HOE,exact_normalized,True
hole,HOLE,exact_normalized,True
holster,HOLSTER,exact_normalized,True
home_plate,,unresolved,False
honey,HONEY,exact_normalized,True
honeycomb,HONEYCOMB,exact_normalized,True
honeypot,HONEYPOT,exact_normalized,True
hood,HOOD,exact_normalized,True
hoodie,HOODIE,exact_normalized,True
hook1,,unresolved,False
hook2,,unresolved,False
hookah,HOOKAH,exact_normalized,True
hopscotch,HOPSCOTCH,exact_normalized,True
horn,HORN,exact_normalized,True
horse,HORSE,exact_normalized,True
horseshoe,HORSESHOE,exact_normalized,True
hose,HOSE,exact_normalized,True
hot_chocolate,,unresolved,False
hot_tub,,unresolved,False
hot-air_balloon,,unresolved,False
hot-water_bottle,,unresolved,False
hotdog,HOTDOG,exact_normalized,True
hotplate,HOTPLATE,exact_normalized,True
hourglass,HOURGLASS,exact_normalized,True
hovercraft,HOVERCRAFT,exact_normalized,True
hubcap,HUBCAP,exact_normalized,True
hula_hoop,,unresolved,False
hummingbird,HUMMINGBIRD,exact_normalized,True
hummus,HUMMUS,exact_normalized,True
humvee,HUMVEE,exact_normalized,True
hydrant,HYDRANT,exact_normalized,True
hyena,HYENA,exact_normalized,True
ice,ICE,exact_normalized,True
ice_cream,,unresolved,False
ice_cube,,unresolved,False
ice_pack,,unresolved,False
ice-cream_cone,,unresolved,False
icemaker,ICEMAKER,exact_normalized,True
icepick,ICEPICK,exact_normalized,True
iceskate,ICESKATE,exact_normalized,True
icicle,ICICLE,exact_normalized,True
iguana,IGUANA,exact_normalized,True
incense,INCENSE,exact_normalized,True
incubator,INCUBATOR,exact_normalized,True
inhaler,INHALER,exact_normalized,True
ink,INK,exact_normalized,True
inkwell,INKWELL,exact_normalized,True
insole,INSOLE,exact_normalized,True
iron,IRON,exact_normalized,True
ironing_board,,unresolved,False
ivy,IVY,exact_normalized,True
jack,JACK,exact_normalized,True
jacket,JACKET,exact_normalized,True
jackhammer,JACKHAMMER,exact_normalized,True
jalapeno,JALAPENO,exact_normalized,True
jam,JAM,exact_normalized,True
jar,JAR,exact_normalized,True
javelin,JAVELIN,exact_normalized,True
jeans,JEANS,exact_normalized,True
jeep,JEEP,exact_normalized,True
jelly_bean,,unresolved,False
jellyfish,JELLYFISH,exact_normalized,True
jersey,JERSEY,exact_normalized,True
jet,JET,exact_normalized,True
jetski,JETSKI,exact_normalized,True
jewel,JEWEL,exact_normalized,True
jewelry,JEWELRY,exact_normalized,True
jigsaw_puzzle,,unresolved,False
joystick,JOYSTICK,exact_normalized,True
jug,JUG,exact_normalized,True
juice,JUICE,exact_normalized,True
juicer1,,unresolved,False
juicer2,,unresolved,False
jukebox,JUKEBOX,exact_normalized,True
jump_rope,,unresolved,False
jumpsuit,JUMPSUIT,exact_normalized,True
kale,KALE,exact_normalized,True
kaleidoscope,KALEIDOSCOPE,exact_normalized,True
kangaroo,KANGAROO,exact_normalized,True
kayak,KAYAK,exact_normalized,True
kazoo,KAZOO,exact_normalized,True
kebab,KEBAB,exact_normalized,True
keg,KEG,exact_normalized,True
ketchup,KETCHUP,exact_normalized,True
kettle,KETTLE,exact_normalized,True
key,KEY,exact_normalized,True
keyboard,KEYBOARD,exact_normalized,True
keyhole,KEYHOLE,exact_normalized,True
kilt,KILT,exact_normalized,True
kimono,KIMONO,exact_normalized,True
kite,KITE,exact_normalized,True
kitten,KITTEN,exact_normalized,True
kiwi,KIWI,exact_normalized,True
knee,KNEE,exact_normalized,True
kneepad,KNEEPAD,exact_normalized,True
knife,KNIFE,exact_normalized,True
knitting,KNITTING,exact_normalized,True
knitting_needle,,unresolved,False
knob,KNOB,exact_normalized,True
knot,KNOT,exact_normalized,True
koala,KOALA,exact_normalized,True
lab_coat,,unresolved,False
ladder,LADDER,exact_normalized,True
ladle,LADLE,exact_normalized,True
ladybug,LADYBUG,exact_normalized,True
lamb,LAMB,exact_normalized,True
lamb_chop,,unresolved,False
lamp,LAMP,exact_normalized,True
lamppost,LAMPPOST,exact_normalized,True
lampshade,LAMPSHADE,exact_normalized,True
landmine,LANDMINE,exact_normalized,True
lantern,LANTERN,exact_normalized,True
lanyard,LANYARD,exact_normalized,True
laptop,LAPTOP,exact_normalized,True
lasagna,LASAGNA,exact_normalized,True
laser_pointer,,unresolved,False
latch,LATCH,exact_normalized,True
latte,LATTE,exact_normalized,True
laundry_basket,,unresolved,False
lava,LAVA,exact_normalized,True
lavender,LAVENDER,exact_normalized,True
lawnmower,LAWNMOWER,exact_normalized,True
leaf,LEAF,exact_normalized,True
leash,LEASH,exact_normalized,True
lectern,LECTERN,exact_normalized,True
leech,LEECH,exact_normalized,True
leek,LEEK,exact_normalized,True
leg,LEG,exact_normalized,True
leggings,LEGGINGS,exact_normalized,True
lego,LEGO,exact_normalized,True
lemon,LEMON,exact_normalized,True
lemonade,LEMONADE,exact_normalized,True
lens,LENS,exact_normalized,True
leopard,LEOPARD,exact_normalized,True
leotard,LEOTARD,exact_normalized,True
letter_opener,,unresolved,False
lettuce,LETTUCE,exact_normalized,True
license_plate,,unresolved,False
licorice,LICORICE,exact_normalized,True
lid,LID,exact_normalized,True
life_jacket,,unresolved,False
lifesaver,LIFESAVER,exact_normalized,True
light_switch,,unresolved,False
lightbulb,LIGHTBULB,exact_normalized,True
lighter,LIGHTER,exact_normalized,True
lightning_bug,,unresolved,False
lime,LIME,exact_normalized,True
limousine,LIMOUSINE,exact_normalized,True
lingerie,LINGERIE,exact_normalized,True
lion,LION,exact_normalized,True
lip_balm,,unresolved,False
lip_gloss,,unresolved,False
lipstick,LIPSTICK,exact_normalized,True
lizard,LIZARD,exact_normalized,True
llama,LLAMA,exact_normalized,True
lobster,LOBSTER,exact_normalized,True
lock,LOCK,exact_normalized,True
locker,LOCKER,exact_normalized,True
locket,LOCKET,exact_normalized,True
log,LOG,exact_normalized,True
loincloth,LOINCLOTH,exact_normalized,True
lollipop,LOLLIPOP,exact_normalized,True
loom,LOOM,exact_normalized,True
loveseat,LOVESEAT,exact_normalized,True
luggage,LUGGAGE,exact_normalized,True
lumber,LUMBER,exact_normalized,True
lunchbox,LUNCHBOX,exact_normalized,True
macadamia,MACADAMIA,exact_normalized,True
macaroni,MACARONI,exact_normalized,True
machete,MACHETE,exact_normalized,True
machine_gun,,unresolved,False
maggot,MAGGOT,exact_normalized,True
magnet,MAGNET,exact_normalized,True
magnifier,MAGNIFIER,exact_normalized,True
magnifying_glass,,unresolved,False
mail,MAIL,exact_normalized,True
mailbox,MAILBOX,exact_normalized,True
makeup,MAKEUP,exact_normalized,True
mallet,MALLET,exact_normalized,True
man,MAN,exact_normalized,True
manatee,MANATEE,exact_normalized,True
mandolin,MANDOLIN,exact_normalized,True
mango,MANGO,exact_normalized,True
manhole,MANHOLE,exact_normalized,True
mannequin,MANNEQUIN,exact_normalized,True
mantle,MANTLE,exact_normalized,True
map,MAP,exact_normalized,True
maple_syrup,,unresolved,False
marble,MARBLE,exact_normalized,True
margarita,MARGARITA,exact_normalized,True
marijuana,MARIJUANA,exact_normalized,True
marker,MARKER,exact_normalized,True
marmalade,MARMALADE,exact_normalized,True
marshmallow,MARSHMALLOW,exact_normalized,True
mascara,MASCARA,exact_normalized,True
mashed_potato,,unresolved,False
mask,MASK,exact_normalized,True
mast,MAST,exact_normalized,True
mat,MAT,exact_normalized,True
match,MATCH,exact_normalized,True
matchbox,MATCHBOX,exact_normalized,True
mattress,MATTRESS,exact_normalized,True
measuring_cup,,unresolved,False
meat,MEAT,exact_normalized,True
meat_grinder,,unresolved,False
meatball,MEATBALL,exact_normalized,True
meatloaf,MEATLOAF,exact_normalized,True
medal,MEDAL,exact_normalized,True
meerkat,MEERKAT,exact_normalized,True
megaphone,MEGAPHONE,exact_normalized,True
melon,MELON,exact_normalized,True
memory_stick,,unresolved,False
metal_detector,,unresolved,False
metronome,METRONOME,exact_normalized,True
microphone,MICROPHONE,exact_normalized,True
microscope,MICROSCOPE,exact_normalized,True
microwave,MICROWAVE,exact_normalized,True
milk,MILK,exact_normalized,True
milkshake,MILKSHAKE,exact_normalized,True
minivan,MINIVAN,exact_normalized,True
mint,MINT,exact_normalized,True
mirror,MIRROR,exact_normalized,True
missile,MISSILE,exact_normalized,True
mistletoe,MISTLETOE,exact_normalized,True
mitten,MITTEN,exact_normalized,True
mixer,MIXER,exact_normalized,True
moccasin,MOCCASIN,exact_normalized,True
modem,MODEM,exact_normalized,True
mold1,,unresolved,False
mold2,,unresolved,False
mole,MOLE,exact_normalized,True
money,MONEY,exact_normalized,True
mongoose,MONGOOSE,exact_normalized,True
monkey,MONKEY,exact_normalized,True
moose,MOOSE,exact_normalized,True
mop,MOP,exact_normalized,True
mosquito,MOSQUITO,exact_normalized,True
mosquito_net,,unresolved,False
moss,MOSS,exact_normalized,True
moth,MOTH,exact_normalized,True
motherboard,MOTHERBOARD,exact_normalized,True
motorcycle,MOTORCYCLE,exact_normalized,True
mouse1,,unresolved,False
mouse2,,unresolved,False
mousepad,MOUSEPAD,exact_normalized,True
mousetrap,MOUSETRAP,exact_normalized,True
mousse,MOUSSE,exact_normalized,True
mouth,MOUTH,exact_normalized,True
mouthpiece,MOUTHPIECE,exact_normalized,True
mud,MUD,exact_normalized,True
muff,MUFF,exact_normalized,True
muffin,MUFFIN,exact_normalized,True
mug,MUG,exact_normalized,True
mulberry,MULBERRY,exact_normalized,True
mulch,MULCH,exact_normalized,True
mullet,MULLET,exact_normalized,True
mushroom,MUSHROOM,exact_normalized,True
music_box,,unresolved,False
mussel,MUSSEL,exact_normalized,True
mustache,MUSTACHE,exact_normalized,True
mustard,MUSTARD,exact_normalized,True
nacho,NACHO,exact_normalized,True
nail,NAIL,exact_normalized,True
nail_clippers,,unresolved,False
nail_file,,unresolved,False
nail_polish,,unresolved,False
napkin,NAPKIN,exact_normalized,True
napkin_ring,,unresolved,False
navel,NAVEL,exact_normalized,True
neck,NECK,exact_normalized,True
necklace,NECKLACE,exact_normalized,True
needle,NEEDLE,exact_normalized,True
nest,NEST,exact_normalized,True
net,NET,exact_normalized,True
nightshirt,NIGHTSHIRT,exact_normalized,True
nightstand,NIGHTSTAND,exact_normalized,True
noisemaker,NOISEMAKER,exact_normalized,True
noodle,NOODLE,exact_normalized,True
noose,NOOSE,exact_normalized,True
nose,NOSE,exact_normalized,True
notebook,NOTEBOOK,exact_normalized,True
notepad,NOTEPAD,exact_normalized,True
nut,NUT,exact_normalized,True
nutcracker,NUTCRACKER,exact_normalized,True
oar,OAR,exact_normalized,True
oatmeal,OATMEAL,exact_normalized,True
octopus,OCTOPUS,exact_normalized,True
odometer,ODOMETER,exact_normalized,True
oil,OIL,exact_normalized,True
oilcan,OILCAN,exact_normalized,True
okra,OKRA,exact_normalized,True
olive,OLIVE,exact_normalized,True
omelet,OMELET,exact_normalized,True
onion,ONION,exact_normalized,True
orange,ORANGE,exact_normalized,True
orange_rind,,unresolved,False
orangutan,ORANGUTAN,exact_normalized,True
orchid,ORCHID,exact_normalized,True
organ,ORGAN,exact_normalized,True
origami,ORIGAMI,exact_normalized,True
ostrich,OSTRICH,exact_normalized,True
otter,OTTER,exact_normalized,True
ottoman,OTTOMAN,exact_normalized,True
outfit,OUTFIT,exact_normalized,True
outlet,OUTLET,exact_normalized,True
oven,OVEN,exact_normalized,True
overalls,OVERALLS,exact_normalized,True
owl,OWL,exact_normalized,True
oyster,OYSTER,exact_normalized,True
pacifier,PACIFIER,exact_normalized,True
paddle,PADDLE,exact_normalized,True
padlock,PADLOCK,exact_normalized,True
paint,PAINT,exact_normalized,True
paintbrush,PAINTBRUSH,exact_normalized,True
painting,PAINTING,exact_normalized,True
pajamas,PAJAMAS,exact_normalized,True
palette,PALETTE,exact_normalized,True
pallet,PALLET,exact_normalized,True
palm_tree,,unresolved,False
pan,PAN,exact_normalized,True
pancake,PANCAKE,exact_normalized,True
panda,PANDA,exact_normalized,True
panther,PANTHER,exact_normalized,True
panties,PANTIES,exact_normalized,True
pants,PANTS,exact_normalized,True
pantsuit,PANTSUIT,exact_normalized,True
pantyhose,PANTYHOSE,exact_normalized,True
papaya,PAPAYA,exact_normalized,True
paper,PAPER,exact_normalized,True
paper_bag,,unresolved,False
paper_plate,,unresolved,False
paper_towel,,unresolved,False
paperclip,PAPERCLIP,exact_normalized,True
paperweight,PAPERWEIGHT,exact_normalized,True
parachute,PARACHUTE,exact_normalized,True
parfait,PARFAIT,exact_normalized,True
parking_meter,,unresolved,False
parrot,PARROT,exact_normalized,True
parsley,PARSLEY,exact_normalized,True
pasta,PASTA,exact_normalized,True
pastry,PASTRY,exact_normalized,True
patch,PATCH,exact_normalized,True
patty,PATTY,exact_normalized,True
payphone,PAYPHONE,exact_normalized,True
pea,PEA,exact_normalized,True
peach,PEACH,exact_normalized,True
peacock,PEACOCK,exact_normalized,True
peanut,PEANUT,exact_normalized,True
peanut_butter,,unresolved,False
pear,PEAR,exact_normalized,True
pearl,PEARL,exact_normalized,True
pecan,PECAN,exact_normalized,True
pedal,PEDAL,exact_normalized,True
pedometer,PEDOMETER,exact_normalized,True
peeler,PEELER,exact_normalized,True
peg,PEG,exact_normalized,True
pelican,PELICAN,exact_normalized,True
pen,PEN,exact_normalized,True
pencil,PENCIL,exact_normalized,True
pencil_sharpener,,unresolved,False
pendulum,PENDULUM,exact_normalized,True
penguin,PENGUIN,exact_normalized,True
penholder,PENHOLDER,exact_normalized,True
penlight,PENLIGHT,exact_normalized,True
pennant,PENNANT,exact_normalized,True
pepper_mill,,unresolved,False
pepper1,,unresolved,False
pepper2,,unresolved,False
peppermint,PEPPERMINT,exact_normalized,True
pepperoni,PEPPERONI,exact_normalized,True
perfume,PERFUME,exact_normalized,True
periscope,PERISCOPE,exact_normalized,True
pesto,PESTO,exact_normalized,True
pet_food,,unresolved,False
petal,PETAL,exact_normalized,True
petri_dish,,unresolved,False
pheasant,PHEASANT,exact_normalized,True
phone,PHONE,exact_normalized,True
phone_booth,,unresolved,False
photo_booth,,unresolved,False
photograph,PHOTOGRAPH,exact_normalized,True
piano,PIANO,exact_normalized,True
pickax,PICKAX,exact_normalized,True
pickle,PICKLE,exact_normalized,True
pie,PIE,exact_normalized,True
piecrust,PIECRUST,exact_normalized,True
pig,PIG,exact_normalized,True
pigeon,PIGEON,exact_normalized,True
piggy_bank,,unresolved,False
piglet,PIGLET,exact_normalized,True
pill,PILL,exact_normalized,True
pillbox,PILLBOX,exact_normalized,True
pillow,PILLOW,exact_normalized,True
pin,PIN,exact_normalized,True
pinball,PINBALL,exact_normalized,True
pincushion,PINCUSHION,exact_normalized,True
pine_needle,,unresolved,False
pine_tree,,unresolved,False
pineapple,PINEAPPLE,exact_normalized,True
pinecone,PINECONE,exact_normalized,True
ping-pong_table,,unresolved,False
pinwheel,PINWHEEL,exact_normalized,True
pipe1,,unresolved,False
pipe2,,unresolved,False
pistachio,PISTACHIO,exact_normalized,True
pita,PITA,exact_normalized,True
pitcher,PITCHER,exact_normalized,True
pitchfork,PITCHFORK,exact_normalized,True
pizza,PIZZA,exact_normalized,True
place_mat,,unresolved,False
plant,PLANT,exact_normalized,True
plaster_cast,,unresolved,False
plastic_film,,unresolved,False
plate,PLATE,exact_normalized,True
platypus,PLATYPUS,exact_normalized,True
playing_card,,unresolved,False
playpen,PLAYPEN,exact_normalized,True
pliers,PLIERS,exact_normalized,True
plug,PLUG,exact_normalized,True
plum,PLUM,exact_normalized,True
plunger,PLUNGER,exact_normalized,True
pocket,POCKET,exact_normalized,True
pocket_watch,,unresolved,False
pocketknife,POCKETKNIFE,exact_normalized,True
pogo_stick,,unresolved,False
poinsettia,POINSETTIA,exact_normalized,True
poker,POKER,exact_normalized,True
polar_bear,,unresolved,False
polaroid,POLAROID,exact_normalized,True
pole,POLE,exact_normalized,True
police_car,,unresolved,False
polisher,POLISHER,exact_normalized,True
polo_shirt,,unresolved,False
polygraph,POLYGRAPH,exact_normalized,True
pom-pom,,unresolved,False
pomegranate,POMEGRANATE,exact_normalized,True
pony,PONY,exact_normalized,True
poodle,POODLE,exact_normalized,True
pool_table,,unresolved,False
popcorn,POPCORN,exact_normalized,True
poppy,POPPY,exact_normalized,True
popsicle,POPSICLE,exact_normalized,True
porcupine,PORCUPINE,exact_normalized,True
porthole,PORTHOLE,exact_normalized,True
possum,POSSUM,exact_normalized,True
poster,POSTER,exact_normalized,True
pot,POT,exact_normalized,True
potato,POTATO,exact_normalized,True
potholder,POTHOLDER,exact_normalized,True
pothole,POTHOLE,exact_normalized,True
potpie,POTPIE,exact_normalized,True
potpourri,POTPOURRI,exact_normalized,True
powder,POWDER,exact_normalized,True
power_line,,unresolved,False
praying_mantis,,unresolved,False
pretzel,PRETZEL,exact_normalized,True
printer,PRINTER,exact_normalized,True
prism,PRISM,exact_normalized,True
projector,PROJECTOR,exact_normalized,True
propeller,PROPELLER,exact_normalized,True
prune,PRUNE,exact_normalized,True
puck,PUCK,exact_normalized,True
pudding,PUDDING,exact_normalized,True
puddle,PUDDLE,exact_normalized,True
puffin,PUFFIN,exact_normalized,True
pug,PUG,exact_normalized,True
pulley,PULLEY,exact_normalized,True
pulpit,PULPIT,exact_normalized,True
pump,PUMP,exact_normalized,True
pumpkin,PUMPKIN,exact_normalized,True
punch1,,unresolved,False
punch2,,unresolved,False
punching_bag,,unresolved,False
puppet,PUPPET,exact_normalized,True
puppy,PUPPY,exact_normalized,True
purse,PURSE,exact_normalized,True
quad,QUAD,exact_normalized,True
quesadilla,QUESADILLA,exact_normalized,True
quiche,QUICHE,exact_normalized,True
quill,QUILL,exact_normalized,True
quilt,QUILT,exact_normalized,True
rabbit,RABBIT,exact_normalized,True
raccoon,RACCOON,exact_normalized,True
racehorse,RACEHORSE,exact_normalized,True
rack1,,unresolved,False
rack2,,unresolved,False
racket,RACKET,exact_normalized,True
radar,RADAR,exact_normalized,True
radiator,RADIATOR,exact_normalized,True
radio,RADIO,exact_normalized,True
radish,RADISH,exact_normalized,True
raft,RAFT,exact_normalized,True
rag,RAG,exact_normalized,True
railing,RAILING,exact_normalized,True
rain_gauge,,unresolved,False
raincoat,RAINCOAT,exact_normalized,True
raisin,RAISIN,exact_normalized,True
rake,RAKE,exact_normalized,True
ram,RAM,exact_normalized,True
ramp,RAMP,exact_normalized,True
raspberry,RASPBERRY,exact_normalized,True
rat,RAT,exact_normalized,True
ratchet,RATCHET,exact_normalized,True
rattle,RATTLE,exact_normalized,True
rattlesnake,RATTLESNAKE,exact_normalized,True
ravioli,RAVIOLI,exact_normalized,True
razor,RAZOR,exact_normalized,True
razor_blade,,unresolved,False
ready_meal,,unresolved,False
rearview_mirror,,unresolved,False
recliner,RECLINER,exact_normalized,True
record,RECORD,exact_normalized,True
record_player,,unresolved,False
recorder,RECORDER,exact_normalized,True
red_carpet,,unresolved,False
reel,REEL,exact_normalized,True
refrigerator,REFRIGERATOR,exact_normalized,True
reindeer,REINDEER,exact_normalized,True
remote_control,,unresolved,False
retainer,RETAINER,exact_normalized,True
revolver,REVOLVER,exact_normalized,True
revolving_door,,unresolved,False
rhinoceros,RHINOCEROS,exact_normalized,True
rhubarb,RHUBARB,exact_normalized,True
ribbon,RIBBON,exact_normalized,True
rice,RICE,exact_normalized,True
rickshaw,RICKSHAW,exact_normalized,True
rifle,RIFLE,exact_normalized,True
rim,RIM,exact_normalized,True
ring,RING,exact_normalized,True
riser,RISER,exact_normalized,True
road_sign,,unresolved,False
roadsweeper,ROADSWEEPER,exact_normalized,True
robe,ROBE,exact_normalized,True
robot,ROBOT,exact_normalized,True
rock,ROCK,exact_normalized,True
rocket,ROCKET,exact_normalized,True
rocking_chair,,unresolved,False
rocking_horse,,unresolved,False
roll,ROLL,exact_normalized,True
roller,ROLLER,exact_normalized,True
roller_coaster,,unresolved,False
rollerblade,ROLLERBLADE,exact_normalized,True
rollerskate,ROLLERSKATE,exact_normalized,True
rolling_pin,,unresolved,False
roof_rack,,unresolved,False
rooster,ROOSTER,exact_normalized,True
root,ROOT,exact_normalized,True
rope,ROPE,exact_normalized,True
rosary,ROSARY,exact_normalized,True
rose,ROSE,exact_normalized,True
roulette_wheel,,unresolved,False
router,ROUTER,exact_normalized,True
rubber_band,,unresolved,False
ruby,RUBY,exact_normalized,True
rudder,RUDDER,exact_normalized,True
rug,RUG,exact_normalized,True
ruler,RULER,exact_normalized,True
rust,RUST,exact_normalized,True
saddle,SADDLE,exact_normalized,True
safety_pin,,unresolved,False
saffron,SAFFRON,exact_normalized,True
sail,SAIL,exact_normalized,True
sailboat,SAILBOAT,exact_normalized,True
salad,SALAD,exact_normalized,True
salami,SALAMI,exact_normalized,True
saltshaker,SALTSHAKER,exact_normalized,True
sand,SAND,exact_normalized,True
sandal,SANDAL,exact_normalized,True
sandbag,SANDBAG,exact_normalized,True
sandbox,SANDBOX,exact_normalized,True
sandcastle,SANDCASTLE,exact_normalized,True
sandpaper,SANDPAPER,exact_normalized,True
sandwich,SANDWICH,exact_normalized,True
sarcophagus,SARCOPHAGUS,exact_normalized,True
sardine,SARDINE,exact_normalized,True
satellite,SATELLITE,exact_normalized,True
satellite_dish,,unresolved,False
sauce,SAUCE,exact_normalized,True
saucer,SAUCER,exact_normalized,True
sauerkraut,SAUERKRAUT,exact_normalized,True
sausage,SAUSAGE,exact_normalized,True
saw,SAW,exact_normalized,True
sawhorse,SAWHORSE,exact_normalized,True
saxophone,SAXOPHONE,exact_normalized,True
scaffold,SCAFFOLD,exact_normalized,True
scaffolding,SCAFFOLDING,exact_normalized,True
scale,SCALE,exact_normalized,True
scallion,SCALLION,exact_normalized,True
scallop,SCALLOP,exact_normalized,True
scalpel,SCALPEL,exact_normalized,True
scanner,SCANNER,exact_normalized,True
scarecrow,SCARECROW,exact_normalized,True
scarf,SCARF,exact_normalized,True
school_bus,,unresolved,False
scissors,SCISSORS,exact_normalized,True
scone,SCONE,exact_normalized,True
scoop,SCOOP,exact_normalized,True
scooter,SCOOTER,exact_normalized,True
scoreboard,SCOREBOARD,exact_normalized,True
scorpion,SCORPION,exact_normalized,True
scrabble,SCRABBLE,exact_normalized,True
scrambled_egg,,unresolved,False
scraper,SCRAPER,exact_normalized,True
screen1,,unresolved,False
screen2,,unresolved,False
screw,SCREW,exact_normalized,True
screwdriver,SCREWDRIVER,exact_normalized,True
scuba,SCUBA,exact_normalized,True
sea_urchin,,unresolved,False
seafood,SEAFOOD,exact_normalized,True
seagull,SEAGULL,exact_normalized,True
seahorse,SEAHORSE,exact_normalized,True
seal,SEAL,exact_normalized,True
seaplane,SEAPLANE,exact_normalized,True
seatbelt,SEATBELT,exact_normalized,True
seaweed,SEAWEED,exact_normalized,True
seed,SEED,exact_normalized,True
seesaw,SEESAW,exact_normalized,True
seismograph,SEISMOGRAPH,exact_normalized,True
sequin,SEQUIN,exact_normalized,True
sewage,SEWAGE,exact_normalized,True
sewing_kit,,unresolved,False
sewing_machine,,unresolved,False
shaker,SHAKER,exact_normalized,True
shark,SHARK,exact_normalized,True
shaving_cream,,unresolved,False
shawl,SHAWL,exact_normalized,True
shears,SHEARS,exact_normalized,True
sheath,SHEATH,exact_normalized,True
sheep,SHEEP,exact_normalized,True
sheet,SHEET,exact_normalized,True
shelf,SHELF,exact_normalized,True
shell1,,unresolved,False
shell2,,unresolved,False
shell3,,unresolved,False
shield,SHIELD,exact_normalized,True
ship,SHIP,exact_normalized,True
shirt,SHIRT,exact_normalized,True
shoe,SHOE,exact_normalized,True
shoe_polish,,unresolved,False
shoehorn,SHOEHORN,exact_normalized,True
shoelace,SHOELACE,exact_normalized,True
shopping_basket,,unresolved,False
shopping_cart,,unresolved,False
shortbread,SHORTBREAD,exact_normalized,True
shorts,SHORTS,exact_normalized,True
shoulder,SHOULDER,exact_normalized,True
shovel,SHOVEL,exact_normalized,True
shower,SHOWER,exact_normalized,True
shower_cap,,unresolved,False
shower_curtain,,unresolved,False
showerhead,SHOWERHEAD,exact_normalized,True
shredder,SHREDDER,exact_normalized,True
shrimp,SHRIMP,exact_normalized,True
shuffleboard,SHUFFLEBOARD,exact_normalized,True
shutter,SHUTTER,exact_normalized,True
sickle,SICKLE,exact_normalized,True
sidecar,SIDECAR,exact_normalized,True
sifter,SIFTER,exact_normalized,True
silicone,SILICONE,exact_normalized,True
silverware,SILVERWARE,exact_normalized,True
sim_card,,unresolved,False
sink,SINK,exact_normalized,True
siren,SIREN,exact_normalized,True
skateboard,SKATEBOARD,exact_normalized,True
skeleton,SKELETON,exact_normalized,True
skewer,SKEWER,exact_normalized,True
ski,SKI,exact_normalized,True
ski_boots,,unresolved,False
ski_lift,,unresolved,False
ski_pole,,unresolved,False
skin,SKIN,exact_normalized,True
skirt,SKIRT,exact_normalized,True
skull,SKULL,exact_normalized,True
skunk,SKUNK,exact_normalized,True
sled,SLED,exact_normalized,True
sledgehammer,SLEDGEHAMMER,exact_normalized,True
sleeping_bag,,unresolved,False
slicer,SLICER,exact_normalized,True
slide,SLIDE,exact_normalized,True
slime,SLIME,exact_normalized,True
sling,SLING,exact_normalized,True
slingshot,SLINGSHOT,exact_normalized,True
slipper,SLIPPER,exact_normalized,True
slot,SLOT,exact_normalized,True
slot_machine,,unresolved,False
sloth,SLOTH,exact_normalized,True
slug,SLUG,exact_normalized,True
smoke_alarm,,unresolved,False
smoothie,SMOOTHIE,exact_normalized,True
snack,SNACK,exact_normalized,True
snail,SNAIL,exact_normalized,True
snake,SNAKE,exact_normalized,True
snorkel,SNORKEL,exact_normalized,True
snow,SNOW,exact_normalized,True
snowball,SNOWBALL,exact_normalized,True
snowboard,SNOWBOARD,exact_normalized,True
snowman,SNOWMAN,exact_normalized,True
snowmobile,SNOWMOBILE,exact_normalized,True
snowplow,SNOWPLOW,exact_normalized,True
snowshoe,SNOWSHOE,exact_normalized,True
snowsuit,SNOWSUIT,exact_normalized,True
soap,SOAP,exact_normalized,True
soccer_ball,,unresolved,False
sock,SOCK,exact_normalized,True
soda,SODA,exact_normalized,True
soda_fountain,,unresolved,False
sofa_bed,,unresolved,False
solar_panel,,unresolved,False
soldering_iron,,unresolved,False
sombrero,SOMBRERO,exact_normalized,True
sonogram,SONOGRAM,exact_normalized,True
sorbet,SORBET,exact_normalized,True
souffle,SOUFFLE,exact_normalized,True
soup,SOUP,exact_normalized,True
soy_sauce,,unresolved,False
space_shuttle,,unresolved,False
spacesuit,SPACESUIT,exact_normalized,True
spaghetti,SPAGHETTI,exact_normalized,True
spam,SPAM,exact_normalized,True
spareribs,SPARERIBS,exact_normalized,True
spark_plug,,unresolved,False
sparkler,SPARKLER,exact_normalized,True
spatula,SPATULA,exact_normalized,True
speaker,SPEAKER,exact_normalized,True
spear,SPEAR,exact_normalized,True
speedboat,SPEEDBOAT,exact_normalized,True
speedometer,SPEEDOMETER,exact_normalized,True
spider,SPIDER,exact_normalized,True
spider_web,,unresolved,False
spinach,SPINACH,exact_normalized,True
splinter,SPLINTER,exact_normalized,True
sponge,SPONGE,exact_normalized,True
spool,SPOOL,exact_normalized,True
spoon,SPOON,exact_normalized,True
spout,SPOUT,exact_normalized,True
spring_roll,,unresolved,False
springboard,SPRINGBOARD,exact_normalized,True
sprinkler,SPRINKLER,exact_normalized,True
sprouts,,unresolved,False
spur,SPUR,exact_normalized,True
squash,SQUASH,exact_normalized,True
squeegee,SQUEEGEE,exact_normalized,True
squid,SQUID,exact_normalized,True
squirrel,SQUIRREL,exact_normalized,True
squirt_gun,,unresolved,False
stained_glass,,unresolved,False
stair,STAIR,exact_normalized,True
stake,STAKE,exact_normalized,True
stalagmite,STALAGMITE,exact_normalized,True
stamp1,,unresolved,False
stamp2,,unresolved,False
staple,STAPLE,exact_normalized,True
staple_gun,,unresolved,False
stapler,STAPLER,exact_normalized,True
star_fruit,,unresolved,False
starfish,STARFISH,exact_normalized,True
station_wagon,,unresolved,False
statue,STATUE,exact_normalized,True
steak,STEAK,exact_normalized,True
steamroller,STEAMROLLER,exact_normalized,True
steering_wheel,,unresolved,False
stem,STEM,exact_normalized,True
step_stool,,unresolved,False
stereo,STEREO,exact_normalized,True
stethoscope,STETHOSCOPE,exact_normalized,True
stew,STEW,exact_normalized,True
stick,STICK,exact_normalized,True
sticker,STICKER,exact_normalized,True
stiletto,STILETTO,exact_normalized,True
stilt,STILT,exact_normalized,True
stingray,STINGRAY,exact_normalized,True
stir_fry,,unresolved,False
stirrup,STIRRUP,exact_normalized,True
stockings,STOCKINGS,exact_normalized,True
stomach,STOMACH,exact_normalized,True
stool,STOOL,exact_normalized,True
stopwatch,STOPWATCH,exact_normalized,True
stove1,,unresolved,False
stove2,,unresolved,False
straightjacket,STRAIGHTJACKET,exact_normalized,True
strainer,STRAINER,exact_normalized,True
strap,STRAP,exact_normalized,True
straw1,,unresolved,False
straw2,,unresolved,False
strawberry,STRAWBERRY,exact_normalized,True
streetlight,STREETLIGHT,exact_normalized,True
stretcher,STRETCHER,exact_normalized,True
string_cheese,,unresolved,False
stroller,STROLLER,exact_normalized,True
stuffing,STUFFING,exact_normalized,True
stump,STUMP,exact_normalized,True
submarine,SUBMARINE,exact_normalized,True
subway,SUBWAY,exact_normalized,True
sugar_cube,,unresolved,False
suit,SUIT,exact_normalized,True
suitcase,SUITCASE,exact_normalized,True
sundae,SUNDAE,exact_normalized,True
sundial,SUNDIAL,exact_normalized,True
sunflower,SUNFLOWER,exact_normalized,True
sunglasses,SUNGLASSES,exact_normalized,True
sunroof,SUNROOF,exact_normalized,True
surfboard,SURFBOARD,exact_normalized,True
sushi,SUSHI,exact_normalized,True
suspenders,SUSPENDERS,exact_normalized,True
swab,SWAB,exact_normalized,True
swan,SWAN,exact_normalized,True
sweater,SWEATER,exact_normalized,True
sweatsuit,SWEATSUIT,exact_normalized,True
sweeper,SWEEPER,exact_normalized,True
sweet_potato,,unresolved,False
swimming_pool,,unresolved,False
swimsuit,SWIMSUIT,exact_normalized,True
swing,SWING,exact_normalized,True
swing_set,,unresolved,False
switch,SWITCH,exact_normalized,True
swizzle_stick,,unresolved,False
sword,SWORD,exact_normalized,True
swordfish,SWORDFISH,exact_normalized,True
syringe,SYRINGE,exact_normalized,True
syrup,SYRUP,exact_normalized,True
t-shirt,T-SHIRT,exact_normalized,True
tab,TAB,exact_normalized,True
table,TABLE,exact_normalized,True
tablecloth,TABLECLOTH,exact_normalized,True
tablet,TABLET,exact_normalized,True
tack,TACK,exact_normalized,True
tackle,TACKLE,exact_normalized,True
taco,TACO,exact_normalized,True
tadpole,TADPOLE,exact_normalized,True
taffy,TAFFY,exact_normalized,True
tag,TAG,exact_normalized,True
taillight,TAILLIGHT,exact_normalized,True
tamale,TAMALE,exact_normalized,True
tambourine,TAMBOURINE,exact_normalized,True
tank1,,unresolved,False
tank2,,unresolved,False
tape,TAPE,exact_normalized,True
tape_measure,,unresolved,False
tape_recorder,,unresolved,False
tapestry,TAPESTRY,exact_normalized,True
tarantula,TARANTULA,exact_normalized,True
target,TARGET,exact_normalized,True
tarp,TARP,exact_normalized,True
tattoo,TATTOO,exact_normalized,True
taxi,TAXI,exact_normalized,True
tea,TEA,exact_normalized,True
teabag,TEABAG,exact_normalized,True
teacup,TEACUP,exact_normalized,True
teapot,TEAPOT,exact_normalized,True
teddy_bear,,unresolved,False
tee,TEE,exact_normalized,True
teepee,TEEPEE,exact_normalized,True
telegraph,TELEGRAPH,exact_normalized,True
telephone_pole,,unresolved,False
telescope,TELESCOPE,exact_normalized,True
television,TELEVISION,exact_normalized,True
tennis_ball,,unresolved,False
tent,TENT,exact_normalized,True
terrarium,TERRARIUM,exact_normalized,True
test_tube,,unresolved,False
thermometer,THERMOMETER,exact_normalized,True
thermos,THERMOS,exact_normalized,True
thermostat,THERMOSTAT,exact_normalized,True
thimble,THIMBLE,exact_normalized,True
thorn,THORN,exact_normalized,True
thread,THREAD,exact_normalized,True
throne,THRONE,exact_normalized,True
thumb,THUMB,exact_normalized,True
thumbtack,THUMBTACK,exact_normalized,True
tiara,TIARA,exact_normalized,True
tick,TICK,exact_normalized,True
ticktacktoe,TICKTACKTOE,exact_normalized,True
tie,TIE,exact_normalized,True
tiger,TIGER,exact_normalized,True
tile,TILE,exact_normalized,True
timer,TIMER,exact_normalized,True
tinsel,TINSEL,exact_normalized,True
tiramisu,TIRAMISU,exact_normalized,True
toad,TOAD,exact_normalized,True
toast,TOAST,exact_normalized,True
toaster,TOASTER,exact_normalized,True
toaster_oven,,unresolved,False
toe,TOE,exact_normalized,True
toga,TOGA,exact_normalized,True
toilet,TOILET,exact_normalized,True
toilet_paper,,unresolved,False
tomato,TOMATO,exact_normalized,True
tomato_sauce,,unresolved,False
tongs,TONGS,exact_normalized,True
tongue,TONGUE,exact_normalized,True
tool,TOOL,exact_normalized,True
toolbox,TOOLBOX,exact_normalized,True
tooth,TOOTH,exact_normalized,True
toothbrush,TOOTHBRUSH,exact_normalized,True
toothpaste,TOOTHPASTE,exact_normalized,True
toothpick,TOOTHPICK,exact_normalized,True
top_hat,,unresolved,False
torch,TORCH,exact_normalized,True
torpedo,TORPEDO,exact_normalized,True
torso,TORSO,exact_normalized,True
tortellini,TORTELLINI,exact_normalized,True
tortilla,TORTILLA,exact_normalized,True
tostada,TOSTADA,exact_normalized,True
totem_pole,,unresolved,False
toucan,TOUCAN,exact_normalized,True
touchpad,TOUCHPAD,exact_normalized,True
towel,TOWEL,exact_normalized,True
towel_rack,,unresolved,False
toy,TOY,exact_normalized,True
tractor,TRACTOR,exact_normalized,True
traffic_light,,unresolved,False
trailer,TRAILER,exact_normalized,True
train,TRAIN,exact_normalized,True
train_car,,unresolved,False
train_set,,unresolved,False
trampoline,TRAMPOLINE,exact_normalized,True
trap,TRAP,exact_normalized,True
trapdoor,TRAPDOOR,exact_normalized,True
trashcan,TRASHCAN,exact_normalized,True
tray,TRAY,exact_normalized,True
treadmill,TREADMILL,exact_normalized,True
treasure,TREASURE,exact_normalized,True
tree,TREE,exact_normalized,True
tree_trunk,,unresolved,False
triangle,TRIANGLE,exact_normalized,True
tricycle,TRICYCLE,exact_normalized,True
trident,TRIDENT,exact_normalized,True
trigger,TRIGGER,exact_normalized,True
tripod,TRIPOD,exact_normalized,True
trolley,TROLLEY,exact_normalized,True
trombone,TROMBONE,exact_normalized,True
trophy,TROPHY,exact_normalized,True
trough,TROUGH,exact_normalized,True
trowel,TROWEL,exact_normalized,True
truck,TRUCK,exact_normalized,True
trumpet,TRUMPET,exact_normalized,True
trunk,TRUNK,exact_normalized,True
tuba,TUBA,exact_normalized,True
tube_top,,unresolved,False
tugboat,TUGBOAT,exact_normalized,True
tulip,TULIP,exact_normalized,True
tumbleweed,TUMBLEWEED,exact_normalized,True
tuning_fork,,unresolved,False
tupperware,TUPPERWARE,exact_normalized,True
turban,TURBAN,exact_normalized,True
turbine,TURBINE,exact_normalized,True
turf,TURF,exact_normalized,True
turkey,TURKEY,exact_normalized,True
turnstile,TURNSTILE,exact_normalized,True
turntable,TURNTABLE,exact_normalized,True
turtle,TURTLE,exact_normalized,True
turtleneck,TURTLENECK,exact_normalized,True
tuxedo,TUXEDO,exact_normalized,True
tweezers,TWEEZERS,exact_normalized,True
twig,TWIG,exact_normalized,True
typewriter,TYPEWRITER,exact_normalized,True
ukulele,UKULELE,exact_normalized,True
umbrella,UMBRELLA,exact_normalized,True
undershirt,UNDERSHIRT,exact_normalized,True
underwear,UNDERWEAR,exact_normalized,True
unicycle,UNICYCLE,exact_normalized,True
uniform,UNIFORM,exact_normalized,True
urinal,URINAL,exact_normalized,True
urn,URN,exact_normalized,True
vacuum,VACUUM,exact_normalized,True
valve,VALVE,exact_normalized,True
van,VAN,exact_normalized,True
vase,VASE,exact_normalized,True
vegetable,VEGETABLE,exact_normalized,True
veil,VEIL,exact_normalized,True
velcro,VELCRO,exact_normalized,True
vending_machine,,unresolved,False
vent,VENT,exact_normalized,True
vest,VEST,exact_normalized,True
vial,VIAL,exact_normalized,True
videocassette,VIDEOCASSETTE,exact_normalized,True
videogame,VIDEOGAME,exact_normalized,True
viewfinder,VIEWFINDER,exact_normalized,True
violin,VIOLIN,exact_normalized,True
vise,VISE,exact_normalized,True
visor,VISOR,exact_normalized,True
volleyball,VOLLEYBALL,exact_normalized,True
vulture,VULTURE,exact_normalized,True
wafer,WAFER,exact_normalized,True
waffle,WAFFLE,exact_normalized,True
waffle_iron,,unresolved,False
wagon,WAGON,exact_normalized,True
walker1,,unresolved,False
walker2,,unresolved,False
wall,WALL,exact_normalized,True
wallet,WALLET,exact_normalized,True
wallpaper,WALLPAPER,exact_normalized,True
walnut,WALNUT,exact_normalized,True
walrus,WALRUS,exact_normalized,True
wand,WAND,exact_normalized,True
warthog,WARTHOG,exact_normalized,True
washboard,WASHBOARD,exact_normalized,True
washcloth,WASHCLOTH,exact_normalized,True
washing_machine,,unresolved,False
wasp,WASP,exact_normalized,True
watch,WATCH,exact_normalized,True
water_bottle,,unresolved,False
water_cooler,,unresolved,False
water_filter,,unresolved,False
water_fountain,,unresolved,False
water_heater,,unresolved,False
watering_can,,unresolved,False
watermelon,WATERMELON,exact_normalized,True
waterwheel,WATERWHEEL,exact_normalized,True
wax,WAX,exact_normalized,True
wax_paper,,unresolved,False
weasel,WEASEL,exact_normalized,True
weather_vane,,unresolved,False
webcam,WEBCAM,exact_normalized,True
wedding_cake,,unresolved,False
wedge,WEDGE,exact_normalized,True
weed,WEED,exact_normalized,True
wetsuit,WETSUIT,exact_normalized,True
whale,WHALE,exact_normalized,True
wheat,WHEAT,exact_normalized,True
wheel,WHEEL,exact_normalized,True
wheelbarrow,WHEELBARROW,exact_normalized,True
wheelchair,WHEELCHAIR,exact_normalized,True
whip,WHIP,exact_normalized,True
whipped_cream,,unresolved,False
whisk,WHISK,exact_normalized,True
whistle,WHISTLE,exact_normalized,True
whiteboard,WHITEBOARD,exact_normalized,True
whoopee_cushion,,unresolved,False
wick,WICK,exact_normalized,True
wig,WIG,exact_normalized,True
wind_chimes,,unresolved,False
window,WINDOW,exact_normalized,True
windowsill,WINDOWSILL,exact_normalized,True
windshield,WINDSHIELD,exact_normalized,True
windshield_wiper,,unresolved,False
windsock,WINDSOCK,exact_normalized,True
wine,WINE,exact_normalized,True
wine_bottle,,unresolved,False
wine_cooler,,unresolved,False
wineglass,WINEGLASS,exact_normalized,True
wing,WING,exact_normalized,True
wire,WIRE,exact_normalized,True
wire_cutters,,unresolved,False
wok,WOK,exact_normalized,True
wolf,WOLF,exact_normalized,True
woman,WOMAN,exact_normalized,True
wood,WOOD,exact_normalized,True
wooden_leg,,unresolved,False
workbench,WORKBENCH,exact_normalized,True
worm,WORM,exact_normalized,True
wrap,WRAP,exact_normalized,True
wrapping_paper,,unresolved,False
wreath,WREATH,exact_normalized,True
wreck,WRECK,exact_normalized,True
wrench,WRENCH,exact_normalized,True
wrist,WRIST,exact_normalized,True
xylophone,XYLOPHONE,exact_normalized,True
yacht,YACHT,exact_normalized,True
yak,YAK,exact_normalized,True
yarn,YARN,exact_normalized,True
yo-yo,YO-YO,exact_normalized,True
yogurt,YOGURT,exact_normalized,True
yoke,YOKE,exact_normalized,True
yolk,YOLK,exact_normalized,True
zebra,ZEBRA,exact_normalized,True
zipper,ZIPPER,exact_normalized,True
zucchini,ZUCCHINI,exact_normalized,True
