concept,subtype,coarse_category,hierarchy_level_available
aardvark,animal,animal,"coarse_category,subtype"
abacus,home decor,home decor,"coarse_category,subtype"
accordion,musical instrument,musical instrument,"coarse_category,subtype"
acorn,fruit,fruit,"coarse_category,subtype"
air_conditioner,electronic device,electronic device,"coarse_category,subtype"
air_mattress,furniture,furniture,"coarse_category,subtype"
air_pump,tool,tool,"coarse_category,subtype"
airbag,part of car,part of car,"coarse_category,subtype"
airboat,vehicle,vehicle,"coarse_category,subtype"
aircraft_carrier,vehicle,vehicle,"coarse_category,subtype"
airplane,vehicle,vehicle,"coarse_category,subtype"
album,home decor,home decor,"coarse_category,subtype"
alligator,animal,animal,"coarse_category,subtype"
almond,food,food,"coarse_category,subtype"
aloe,plant,plant,"coarse_category,subtype"
alpaca,animal,animal,"coarse_category,subtype"
altar,Noun,noun,"coarse_category,subtype"
aluminum_foil,#N/A,#n/a,"coarse_category,subtype"
amber,Noun,noun,"coarse_category,subtype"
ambulance,vehicle,vehicle,"coarse_category,subtype"
amplifier,electronic device,electronic device,"coarse_category,subtype"
anchor,Noun,noun,"coarse_category,subtype"
ankle,body part,body part,"coarse_category,subtype"
anklet,decoration,decoration,"coarse_category,subtype"
ant,"animal, insect",animal,"coarse_category,subtype"
anteater,animal,animal,"coarse_category,subtype"
antelope,animal,animal,"coarse_category,subtype"
antenna,Noun,noun,"coarse_category,subtype"
anvil,tool,tool,"coarse_category,subtype"
appetizer,food,food,"coarse_category,subtype"
apple,"food, fruit",food,"coarse_category,subtype"
apple_tree,plant,plant,"coarse_category,subtype"
applesauce,food,food,"coarse_category,subtype"
apron,clothing,clothing,"coarse_category,subtype"
aquarium,"home decor, container",home decor,"coarse_category,subtype"
arch,Noun,noun,"coarse_category,subtype"
arm,body part,body part,"coarse_category,subtype"
armor,clothing,clothing,"coarse_category,subtype"
arrow,weapon,weapon,"coarse_category,subtype"
artichoke,"plant, food, vegetable",plant,"coarse_category,subtype"
arugula,"plant, food, vegetable",plant,"coarse_category,subtype"
ashtray,container,container,"coarse_category,subtype"
asparagus,"plant, food, vegetable",plant,"coarse_category,subtype"
avocado,"food, fruit",food,"coarse_category,subtype"
awning,Noun,noun,"coarse_category,subtype"
axe,"weapon, tool",weapon,"coarse_category,subtype"
baby,Noun,noun,"coarse_category,subtype"
backdrop,Noun,noun,"coarse_category,subtype"
backgammon,Noun,noun,"coarse_category,subtype"
backpack,container,container,"coarse_category,subtype"
backscratcher,tool,tool,"coarse_category,subtype"
bacon,food,food,"coarse_category,subtype"
badge,Noun,noun,"coarse_category,subtype"
badger,animal,animal,"coarse_category,subtype"
bag,container,container,"coarse_category,subtype"
bagel,food,food,"coarse_category,subtype"
bagpipe,musical instrument,musical instrument,"coarse_category,subtype"
baklava,"food, dessert",food,"coarse_category,subtype"
balance_beam,sports equipment,sports equipment,"coarse_category,subtype"
ball,"toy, sports equipment",toy,"coarse_category,subtype"
balloon,toy,toy,"coarse_category,subtype"
ballot_box,container,container,"coarse_category,subtype"
bamboo,plant,plant,"coarse_category,subtype"
banana,"food, fruit",food,"coarse_category,subtype"
banana_peel,#N/A,#n/a,"coarse_category,subtype"
banana_split,"food, dessert",food,"coarse_category,subtype"
bandage,medical equipment,medical equipment,"coarse_category,subtype"
bandanna,"clothing, clothing accessory",clothing,"coarse_category,subtype"
banjo,musical instrument,musical instrument,"coarse_category,subtype"
bank,container,container,"coarse_category,subtype"
banner,decoration,decoration,"coarse_category,subtype"
barbed_wire,#N/A,#n/a,"coarse_category,subtype"
barbell,sports equipment,sports equipment,"coarse_category,subtype"
barcode,#N/A,#n/a,"coarse_category,subtype"
bark,Noun,noun,"coarse_category,subtype"
barnacle,animal,animal,"coarse_category,subtype"
barrel,container,container,"coarse_category,subtype"
barrette,Noun,noun,"coarse_category,subtype"
baseball,sports equipment,sports equipment,"coarse_category,subtype"
baseball_bat,"weapon, sports equipment",weapon,"coarse_category,subtype"
baseball_glove,sports equipment,sports equipment,"coarse_category,subtype"
basil,"plant, food",plant,"coarse_category,subtype"
basket,container,container,"coarse_category,subtype"
basketball,sports equipment,sports equipment,"coarse_category,subtype"
basketball_hoop,sports equipment,sports equipment,"coarse_category,subtype"
bassinet,furniture,furniture,"coarse_category,subtype"
bassoon,musical instrument,musical instrument,"coarse_category,subtype"
bat1,animal,animal,"coarse_category,subtype"
bat2,"weapon, sports equipment",weapon,"coarse_category,subtype"
bathmat,Noun,noun,"coarse_category,subtype"
bathrobe,clothing,clothing,"coarse_category,subtype"
bathtub,container,container,"coarse_category,subtype"
baton1,Noun,noun,"coarse_category,subtype"
baton2,weapon,weapon,"coarse_category,subtype"
baton3,sports equipment,sports equipment,"coarse_category,subtype"
baton4,sports equipment,sports equipment,"coarse_category,subtype"
batter,food,food,"coarse_category,subtype"
battery,Noun,noun,"coarse_category,subtype"
bazooka,weapon,weapon,"coarse_category,subtype"
beachball,"toy, sports equipment",toy,"coarse_category,subtype"
bead,decoration,decoration,"coarse_category,subtype"
beaker,container,container,"coarse_category,subtype"
bean,food,food,"coarse_category,subtype"
beanbag,furniture,furniture,"coarse_category,subtype"
beanie,clothing,clothing,"coarse_category,subtype"
bear,animal,animal,"coarse_category,subtype"
beard,body part,body part,"coarse_category,subtype"
beaver,animal,animal,"coarse_category,subtype"
bed,furniture,furniture,"coarse_category,subtype"
bedpan,"medical equipment, container",medical equipment,"coarse_category,subtype"
bedpost,furniture,furniture,"coarse_category,subtype"
bee,"animal, insect",animal,"coarse_category,subtype"
beehive,Noun,noun,"coarse_category,subtype"
beer,drink,drink,"coarse_category,subtype"
beet,"food, vegetable",food,"coarse_category,subtype"
beetle,"animal, insect",animal,"coarse_category,subtype"
bell,musical instrument,musical instrument,"coarse_category,subtype"
bell_pepper,"food, vegetable",food,"coarse_category,subtype"
belt,"clothing, clothing accessory",clothing,"coarse_category,subtype"
belt_buckle,clothing accessory,clothing accessory,"coarse_category,subtype"
bench,furniture,furniture,"coarse_category,subtype"
berry,"food, fruit",food,"coarse_category,subtype"
bib,Noun,noun,"coarse_category,subtype"
bike,vehicle,vehicle,"coarse_category,subtype"
bikini,clothing,clothing,"coarse_category,subtype"
bin,container,container,"coarse_category,subtype"
binder,office supply,office supply,"coarse_category,subtype"
binoculars,Noun,noun,"coarse_category,subtype"
bird,"animal, bird",animal,"coarse_category,subtype"
birdbath,"home decor, container",home decor,"coarse_category,subtype"
birdcage,"home decor, container",home decor,"coarse_category,subtype"
birdhouse,home decor,home decor,"coarse_category,subtype"
birthday_cake,"food, dessert",food,"coarse_category,subtype"
biscuit,food,food,"coarse_category,subtype"
bison,animal,animal,"coarse_category,subtype"
blackberry,"food, fruit",food,"coarse_category,subtype"
blanket,Noun,noun,"coarse_category,subtype"
blazer,clothing,clothing,"coarse_category,subtype"
blender,"electronic device, kitchen appliance",electronic device,"coarse_category,subtype"
blimp,vehicle,vehicle,"coarse_category,subtype"
blind,Adjective,adjective,"coarse_category,subtype"
blinder,Adjective,adjective,"coarse_category,subtype"
blindfold,Noun,noun,"coarse_category,subtype"
block,Noun,noun,"coarse_category,subtype"
blouse,clothing,clothing,"coarse_category,subtype"
blower,"electronic device, tool",electronic device,"coarse_category,subtype"
blowfish,animal,animal,"coarse_category,subtype"
blowgun,weapon,weapon,"coarse_category,subtype"
blowtorch,"weapon, tool",weapon,"coarse_category,subtype"
blueberry,"food, fruit",food,"coarse_category,subtype"
boa,"clothing, clothing accessory",clothing,"coarse_category,subtype"
boar,animal,animal,"coarse_category,subtype"
board,Noun,noun,"coarse_category,subtype"
board_game,#N/A,#n/a,"coarse_category,subtype"
boat,vehicle,vehicle,"coarse_category,subtype"
bobsled,sports equipment,sports equipment,"coarse_category,subtype"
bok_choy,"plant, food, vegetable",plant,"coarse_category,subtype"
bolo_tie,"clothing, clothing accessory",clothing,"coarse_category,subtype"
bologna,food,food,"coarse_category,subtype"
bolt,Noun,noun,"coarse_category,subtype"
bomb,weapon,weapon,"coarse_category,subtype"
bone,body part,body part,"coarse_category,subtype"
bongo,musical instrument,musical instrument,"coarse_category,subtype"
bonnet,"clothing, clothing accessory",clothing,"coarse_category,subtype"
bonsai,"home decor, plant",home decor,"coarse_category,subtype"
book,Noun,noun,"coarse_category,subtype"
bookmark,Noun,noun,"coarse_category,subtype"
bookshelf,furniture,furniture,"coarse_category,subtype"
boomerang,"weapon, toy",weapon,"coarse_category,subtype"
boot,clothing,clothing,"coarse_category,subtype"
bottle,container,container,"coarse_category,subtype"
bottle_opener,"kitchen tool, tool",kitchen tool,"coarse_category,subtype"
boulder,Name,name,"coarse_category,subtype"
bouquet,decoration,decoration,"coarse_category,subtype"
bow1,"clothing, clothing accessory",clothing,"coarse_category,subtype"
bow2,weapon,weapon,"coarse_category,subtype"
bow3,decoration,decoration,"coarse_category,subtype"
bowl,container,container,"coarse_category,subtype"
bowler_hat,clothing,clothing,"coarse_category,subtype"
bowling_ball,sports equipment,sports equipment,"coarse_category,subtype"
bowtie,"clothing, clothing accessory",clothing,"coarse_category,subtype"
box,container,container,"coarse_category,subtype"
boxer_shorts,clothing,clothing,"coarse_category,subtype"
boxing_gloves,sports equipment,sports equipment,"coarse_category,subtype"
boy,Noun,noun,"coarse_category,subtype"
bra,clothing,clothing,"coarse_category,subtype"
brace,medical equipment,medical equipment,"coarse_category,subtype"
bracelet1,"clothing, clothing accessory",clothing,"coarse_category,subtype"
bracelet2,clothing accessory,clothing accessory,"coarse_category,subtype"
bracket,Noun,noun,"coarse_category,subtype"
braid,Noun,noun,"coarse_category,subtype"
brake,part of car,part of car,"coarse_category,subtype"
branch,Noun,noun,"coarse_category,subtype"
brass_knuckles,weapon,weapon,"coarse_category,subtype"
bread,food,food,"coarse_category,subtype"
breadbox,container,container,"coarse_category,subtype"
breadstick,food,food,"coarse_category,subtype"
breakfast,food,food,"coarse_category,subtype"
breathalyzer,Noun,noun,"coarse_category,subtype"
brick,Noun,noun,"coarse_category,subtype"
briefcase,container,container,"coarse_category,subtype"
broccoli,"plant, food, vegetable",plant,"coarse_category,subtype"
brooch,clothing accessory,clothing accessory,"coarse_category,subtype"
broom,tool,tool,"coarse_category,subtype"
brownie,"food, dessert",food,"coarse_category,subtype"
brush,tool,tool,"coarse_category,subtype"
brussels_sprouts,"food, vegetable",food,"coarse_category,subtype"
bubble,Noun,noun,"coarse_category,subtype"
bubble_wrap,#N/A,#n/a,"coarse_category,subtype"
bucket,container,container,"coarse_category,subtype"
buckle,clothing accessory,clothing accessory,"coarse_category,subtype"
buffet,food,food,"coarse_category,subtype"
bug,"animal, insect",animal,"coarse_category,subtype"
buggy,vehicle,vehicle,"coarse_category,subtype"
bull,animal,animal,"coarse_category,subtype"
bulldozer,vehicle,vehicle,"coarse_category,subtype"
bullet,weapon,weapon,"coarse_category,subtype"
bulletin_board,#N/A,#n/a,"coarse_category,subtype"
bulletproof_vest,clothing,clothing,"coarse_category,subtype"
bumper,part of car,part of car,"coarse_category,subtype"
bun,food,food,"coarse_category,subtype"
bungee,"tool, sports equipment",tool,"coarse_category,subtype"
bunkbed,furniture,furniture,"coarse_category,subtype"
buoy,Noun,noun,"coarse_category,subtype"
burner,kitchen appliance,kitchen appliance,"coarse_category,subtype"
burrito,food,food,"coarse_category,subtype"
bus,vehicle,vehicle,"coarse_category,subtype"
bush,plant,plant,"coarse_category,subtype"
butter,food,food,"coarse_category,subtype"
butterfly,"animal, insect",animal,"coarse_category,subtype"
button1,clothing accessory,clothing accessory,"coarse_category,subtype"
button2,Noun,noun,"coarse_category,subtype"
cabbage,"plant, food, vegetable",plant,"coarse_category,subtype"
cabinet,"furniture, container",furniture,"coarse_category,subtype"
cable,Noun,noun,"coarse_category,subtype"
cactus,plant,plant,"coarse_category,subtype"
cage,container,container,"coarse_category,subtype"
cake,"food, dessert",food,"coarse_category,subtype"
cake_mix,"food, dessert",food,"coarse_category,subtype"
calamari,food,food,"coarse_category,subtype"
calculator,Noun,noun,"coarse_category,subtype"
calf1,animal,animal,"coarse_category,subtype"
calf2,body part,body part,"coarse_category,subtype"
calzone,food,food,"coarse_category,subtype"
camcorder,electronic device,electronic device,"coarse_category,subtype"
camel,animal,animal,"coarse_category,subtype"
camera_lens,#N/A,#n/a,"coarse_category,subtype"
camera1,electronic device,electronic device,"coarse_category,subtype"
camera2,electronic device,electronic device,"coarse_category,subtype"
camper,vehicle,vehicle,"coarse_category,subtype"
can,container,container,"coarse_category,subtype"
can_opener,"kitchen tool, tool",kitchen tool,"coarse_category,subtype"
candelabra,home decor,home decor,"coarse_category,subtype"
candle,home decor,home decor,"coarse_category,subtype"
candlestick,home decor,home decor,"coarse_category,subtype"
candy,food,food,"coarse_category,subtype"
candy_bar,food,food,"coarse_category,subtype"
candy_cane,food,food,"coarse_category,subtype"
cane,medical equipment,medical equipment,"coarse_category,subtype"
canister,container,container,"coarse_category,subtype"
cannon,weapon,weapon,"coarse_category,subtype"
cannonball,weapon,weapon,"coarse_category,subtype"
canoe,vehicle,vehicle,"coarse_category,subtype"
cantaloupe,"food, fruit",food,"coarse_category,subtype"
canvas,Noun,noun,"coarse_category,subtype"
cap,Noun,noun,"coarse_category,subtype"
cape,clothing,clothing,"coarse_category,subtype"
car,vehicle,vehicle,"coarse_category,subtype"
car_door,part of car,part of car,"coarse_category,subtype"
car_seat,part of car,part of car,"coarse_category,subtype"
caramel,"food, dessert",food,"coarse_category,subtype"
card,Noun,noun,"coarse_category,subtype"
cardboard,Adjective,adjective,"coarse_category,subtype"
cardigan,clothing,clothing,"coarse_category,subtype"
cardinal,"animal, bird",animal,"coarse_category,subtype"
carousel,Noun,noun,"coarse_category,subtype"
carriage,vehicle,vehicle,"coarse_category,subtype"
carrot,"food, vegetable",food,"coarse_category,subtype"
cart,vehicle,vehicle,"coarse_category,subtype"
cash_machine,electronic device,electronic device,"coarse_category,subtype"
cash_register,container,container,"coarse_category,subtype"
cashew,food,food,"coarse_category,subtype"
casserole,food,food,"coarse_category,subtype"
cassette,container,container,"coarse_category,subtype"
cat,animal,animal,"coarse_category,subtype"
catapult,weapon,weapon,"coarse_category,subtype"
caterpillar,"animal, insect",animal,"coarse_category,subtype"
catfish,"animal, food",animal,"coarse_category,subtype"
cauliflower,"food, vegetable",food,"coarse_category,subtype"
caviar,food,food,"coarse_category,subtype"
cd_player,electronic device,electronic device,"coarse_category,subtype"
celery,"food, vegetable",food,"coarse_category,subtype"
cello,musical instrument,musical instrument,"coarse_category,subtype"
cellphone,electronic device,electronic device,"coarse_category,subtype"
cement_mixer,#N/A,#n/a,"coarse_category,subtype"
centerpiece,home decor,home decor,"coarse_category,subtype"
centrifuge,electronic device,electronic device,"coarse_category,subtype"
cereal,food,food,"coarse_category,subtype"
chain,tool,tool,"coarse_category,subtype"
chainsaw,"electronic device, weapon, tool",electronic device,"coarse_category,subtype"
chair,furniture,furniture,"coarse_category,subtype"
chalice,container,container,"coarse_category,subtype"
chalk,Noun,noun,"coarse_category,subtype"
chalkboard,Noun,noun,"coarse_category,subtype"
champagne,drink,drink,"coarse_category,subtype"
chandelier,home decor,home decor,"coarse_category,subtype"
chaps,clothing,clothing,"coarse_category,subtype"
charcoal,Noun,noun,"coarse_category,subtype"
charger,Noun,noun,"coarse_category,subtype"
chariot,vehicle,vehicle,"coarse_category,subtype"
checkbook,Noun,noun,"coarse_category,subtype"
checkers,Noun,noun,"coarse_category,subtype"
cheese,"food, dessert",food,"coarse_category,subtype"
cheeseburger,food,food,"coarse_category,subtype"
cheesecake,"food, dessert",food,"coarse_category,subtype"
cheetah,animal,animal,"coarse_category,subtype"
cherry,"food, fruit",food,"coarse_category,subtype"
chess_piece,#N/A,#n/a,"coarse_category,subtype"
chessboard,Noun,noun,"coarse_category,subtype"
chest1,body part,body part,"coarse_category,subtype"
chest2,"furniture, container",furniture,"coarse_category,subtype"
chick,"animal, bird",animal,"coarse_category,subtype"
chicken_wire,#N/A,#n/a,"coarse_category,subtype"
chicken1,food,food,"coarse_category,subtype"
chicken2,animal,animal,"coarse_category,subtype"
chickpea,"food, vegetable",food,"coarse_category,subtype"
chihuahua,animal,animal,"coarse_category,subtype"
chili,food,food,"coarse_category,subtype"
chime,musical instrument,musical instrument,"coarse_category,subtype"
chimney,Noun,noun,"coarse_category,subtype"
chin,body part,body part,"coarse_category,subtype"
chinaware,Noun,noun,"coarse_category,subtype"
chinchilla,animal,animal,"coarse_category,subtype"
chip,Noun,noun,"coarse_category,subtype"
chipmunk,animal,animal,"coarse_category,subtype"
chips,food,food,"coarse_category,subtype"
chisel,tool,tool,"coarse_category,subtype"
chive,"plant, food, vegetable",plant,"coarse_category,subtype"
chocolate,"food, dessert",food,"coarse_category,subtype"
chopsticks,tool,tool,"coarse_category,subtype"
christmas_card,#N/A,#n/a,"coarse_category,subtype"
christmas_tree,home decor,home decor,"coarse_category,subtype"
chute,Noun,noun,"coarse_category,subtype"
cigar,Noun,noun,"coarse_category,subtype"
cigarette,Noun,noun,"coarse_category,subtype"
cigarette_butt,#N/A,#n/a,"coarse_category,subtype"
cigarette_holder,#N/A,#n/a,"coarse_category,subtype"
cilantro,"plant, food, vegetable",plant,"coarse_category,subtype"
cinnamon,food,food,"coarse_category,subtype"
clam,"animal, food",animal,"coarse_category,subtype"
clarinet,musical instrument,musical instrument,"coarse_category,subtype"
clasp,Noun,noun,"coarse_category,subtype"
clay,Noun,noun,"coarse_category,subtype"
cleat,sports equipment,sports equipment,"coarse_category,subtype"
cleaver,"weapon, kitchen tool, tool",weapon,"coarse_category,subtype"
clipboard,office supply,office supply,"coarse_category,subtype"
clipper1,tool,tool,"coarse_category,subtype"
clipper2,tool,tool,"coarse_category,subtype"
cloak,clothing,clothing,"coarse_category,subtype"
clock,Noun,noun,"coarse_category,subtype"
closet,"furniture, container",furniture,"coarse_category,subtype"
clothes,clothing,clothing,"coarse_category,subtype"
clothesline,Noun,noun,"coarse_category,subtype"
clothespin,Noun,noun,"coarse_category,subtype"
cloud,Noun,noun,"coarse_category,subtype"
clove,food,food,"coarse_category,subtype"
clover,plant,plant,"coarse_category,subtype"
coal,Noun,noun,"coarse_category,subtype"
coaster,home decor,home decor,"coarse_category,subtype"
coat,clothing,clothing,"coarse_category,subtype"
coat_rack,furniture,furniture,"coarse_category,subtype"
cobra,animal,animal,"coarse_category,subtype"
cockatoo,"animal, bird",animal,"coarse_category,subtype"
cockroach,"animal, insect",animal,"coarse_category,subtype"
cocktail,drink,drink,"coarse_category,subtype"
coconut,"food, fruit",food,"coarse_category,subtype"
cocoon,Noun,noun,"coarse_category,subtype"
coffee,drink,drink,"coarse_category,subtype"
coffee_bean,food,food,"coarse_category,subtype"
coffee_filter,#N/A,#n/a,"coarse_category,subtype"
coffee_pot,container,container,"coarse_category,subtype"
coffee_table,furniture,furniture,"coarse_category,subtype"
coffeemaker,"electronic device, kitchen appliance",electronic device,"coarse_category,subtype"
coffin,container,container,"coarse_category,subtype"
coil,tool,tool,"coarse_category,subtype"
coin,Noun,noun,"coarse_category,subtype"
coleslaw,food,food,"coarse_category,subtype"
collar,Noun,noun,"coarse_category,subtype"
column,Noun,noun,"coarse_category,subtype"
comb,Verb,verb,"coarse_category,subtype"
combination_lock,#N/A,#n/a,"coarse_category,subtype"
comic_book,#N/A,#n/a,"coarse_category,subtype"
compass,Noun,noun,"coarse_category,subtype"
compost,Noun,noun,"coarse_category,subtype"
computer,electronic device,electronic device,"coarse_category,subtype"
computer_screen,electronic device,electronic device,"coarse_category,subtype"
confetti,Noun,noun,"coarse_category,subtype"
contact_lens,#N/A,#n/a,"coarse_category,subtype"
container,container,container,"coarse_category,subtype"
cooker,"electronic device, container, kitchen appliance",electronic device,"coarse_category,subtype"
cookie,"food, dessert",food,"coarse_category,subtype"
cookie_cutter,kitchen utensil,kitchen utensil,"coarse_category,subtype"
cookie_sheet,kitchen utensil,kitchen utensil,"coarse_category,subtype"
cooler,Noun,noun,"coarse_category,subtype"
coop,container,container,"coarse_category,subtype"
copier,electronic device,electronic device,"coarse_category,subtype"
coral,animal,animal,"coarse_category,subtype"
cord,Noun,noun,"coarse_category,subtype"
cordon_bleu,food,food,"coarse_category,subtype"
cork,Noun,noun,"coarse_category,subtype"
corkboard,office supply,office supply,"coarse_category,subtype"
corkscrew,"kitchen tool, tool",kitchen tool,"coarse_category,subtype"
corn,"plant, food, vegetable",plant,"coarse_category,subtype"
cornbread,food,food,"coarse_category,subtype"
cornhusk,#N/A,#n/a,"coarse_category,subtype"
cornmeal,food,food,"coarse_category,subtype"
cornucopia,home decor,home decor,"coarse_category,subtype"
corsage,clothing accessory,clothing accessory,"coarse_category,subtype"
corset,clothing,clothing,"coarse_category,subtype"
costume,clothing,clothing,"coarse_category,subtype"
cot,furniture,furniture,"coarse_category,subtype"
cotton_candy,food,food,"coarse_category,subtype"
couch,furniture,furniture,"coarse_category,subtype"
cougar,animal,animal,"coarse_category,subtype"
counter,furniture,furniture,"coarse_category,subtype"
coverall,clothing,clothing,"coarse_category,subtype"
cow,animal,animal,"coarse_category,subtype"
coyote,animal,animal,"coarse_category,subtype"
crab,"animal, food",animal,"coarse_category,subtype"
cracker,food,food,"coarse_category,subtype"
cranberry,"food, fruit",food,"coarse_category,subtype"
crane,Name,name,"coarse_category,subtype"
crank,tool,tool,"coarse_category,subtype"
crate,container,container,"coarse_category,subtype"
crayfish,"animal, food",animal,"coarse_category,subtype"
crayon,toy,toy,"coarse_category,subtype"
cream,Noun,noun,"coarse_category,subtype"
cream_cheese,food,food,"coarse_category,subtype"
credit_card,#N/A,#n/a,"coarse_category,subtype"
creme_brulee,"food, dessert",food,"coarse_category,subtype"
crepe,"food, dessert",food,"coarse_category,subtype"
crib,furniture,furniture,"coarse_category,subtype"
croissant,food,food,"coarse_category,subtype"
cross,Verb,verb,"coarse_category,subtype"
crossbow,weapon,weapon,"coarse_category,subtype"
crouton,food,food,"coarse_category,subtype"
crow,"animal, bird",animal,"coarse_category,subtype"
crowbar,"weapon, tool",weapon,"coarse_category,subtype"
crown,clothing,clothing,"coarse_category,subtype"
crucifix,decoration,decoration,"coarse_category,subtype"
cruise_ship,vehicle,vehicle,"coarse_category,subtype"
crumb,food,food,"coarse_category,subtype"
crutch,medical equipment,medical equipment,"coarse_category,subtype"
crystal_ball,home decor,home decor,"coarse_category,subtype"
crystal1,Noun,noun,"coarse_category,subtype"
crystal2,Noun,noun,"coarse_category,subtype"
cuckoo_clock,home decor,home decor,"coarse_category,subtype"
cucumber,"food, vegetable",food,"coarse_category,subtype"
cufflink,clothing accessory,clothing accessory,"coarse_category,subtype"
cummerbund,"clothing, clothing accessory",clothing,"coarse_category,subtype"
cup,container,container,"coarse_category,subtype"
cupcake,"food, dessert",food,"coarse_category,subtype"
curb,Noun,noun,"coarse_category,subtype"
curling_iron,"electronic device, tool",electronic device,"coarse_category,subtype"
curry,food,food,"coarse_category,subtype"
curtain,home decor,home decor,"coarse_category,subtype"
cushion,Noun,noun,"coarse_category,subtype"
cutting_board,kitchen tool,kitchen tool,"coarse_category,subtype"
cymbal,musical instrument,musical instrument,"coarse_category,subtype"
dagger,weapon,weapon,"coarse_category,subtype"
daisy,plant,plant,"coarse_category,subtype"
dalmatian,animal,animal,"coarse_category,subtype"
dandelion,plant,plant,"coarse_category,subtype"
dart,"weapon, sports equipment",weapon,"coarse_category,subtype"
dartboard,sports equipment,sports equipment,"coarse_category,subtype"
dashboard,part of car,part of car,"coarse_category,subtype"
deer,animal,animal,"coarse_category,subtype"
defibrillator,"electronic device, medical equipment",electronic device,"coarse_category,subtype"
denture,Noun,noun,"coarse_category,subtype"
deodorant,Noun,noun,"coarse_category,subtype"
desk,furniture,furniture,"coarse_category,subtype"
dessert,"food, dessert",food,"coarse_category,subtype"
detonator,Noun,noun,"coarse_category,subtype"
dial,Verb,verb,"coarse_category,subtype"
diamond,decoration,decoration,"coarse_category,subtype"
diaper,clothing,clothing,"coarse_category,subtype"
dice,Noun,noun,"coarse_category,subtype"
dip,food,food,"coarse_category,subtype"
dirt_bike,vehicle,vehicle,"coarse_category,subtype"
dish,container,container,"coarse_category,subtype"
dishrag,Noun,noun,"coarse_category,subtype"
dishwasher,"electronic device, kitchen appliance",electronic device,"coarse_category,subtype"
dishwashing_liquid,#N/A,#n/a,"coarse_category,subtype"
diskette,Noun,noun,"coarse_category,subtype"
diving_board,#N/A,#n/a,"coarse_category,subtype"
dog,animal,animal,"coarse_category,subtype"
dogfood,food,food,"coarse_category,subtype"
doghouse,container,container,"coarse_category,subtype"
doily,home decor,home decor,"coarse_category,subtype"
doll,toy,toy,"coarse_category,subtype"
dollhouse,toy,toy,"coarse_category,subtype"
dolly,Name,name,"coarse_category,subtype"
dolphin,animal,animal,"coarse_category,subtype"
domino,Noun,noun,"coarse_category,subtype"
donkey,animal,animal,"coarse_category,subtype"
donut,"food, dessert",food,"coarse_category,subtype"
door,Noun,noun,"coarse_category,subtype"
doorbell,Noun,noun,"coarse_category,subtype"
doorhandle,#N/A,#n/a,"coarse_category,subtype"
doorknob,Noun,noun,"coarse_category,subtype"
doorknocker,home decor,home decor,"coarse_category,subtype"
doormat,Noun,noun,"coarse_category,subtype"
doorstop,Noun,noun,"coarse_category,subtype"
dough,food,food,"coarse_category,subtype"
dragonfly,"animal, insect",animal,"coarse_category,subtype"
drain,Noun,noun,"coarse_category,subtype"
drawer,container,container,"coarse_category,subtype"
dreidel,toy,toy,"coarse_category,subtype"
dress,clothing,clothing,"coarse_category,subtype"
dresser,"furniture, container",furniture,"coarse_category,subtype"
drill,"electronic device, tool",electronic device,"coarse_category,subtype"
drink,drink,drink,"coarse_category,subtype"
drum,musical instrument,musical instrument,"coarse_category,subtype"
drumstick,Noun,noun,"coarse_category,subtype"
dryer,electronic device,electronic device,"coarse_category,subtype"
duck,"animal, bird",animal,"coarse_category,subtype"
duckling,"animal, bird",animal,"coarse_category,subtype"
duct,Noun,noun,"coarse_category,subtype"
duct_tape,#N/A,#n/a,"coarse_category,subtype"
duffel_bag,container,container,"coarse_category,subtype"
dumbbell,sports equipment,sports equipment,"coarse_category,subtype"
dumbwaiter,Noun,noun,"coarse_category,subtype"
dumpling,food,food,"coarse_category,subtype"
dumpster,container,container,"coarse_category,subtype"
duster,tool,tool,"coarse_category,subtype"
dustpan,"container, tool",container,"coarse_category,subtype"
dynamite,weapon,weapon,"coarse_category,subtype"
eagle,"animal, bird",animal,"coarse_category,subtype"
ear,body part,body part,"coarse_category,subtype"
earplug,Noun,noun,"coarse_category,subtype"
earring,clothing accessory,clothing accessory,"coarse_category,subtype"
earwig,"animal, insect",animal,"coarse_category,subtype"
easel,Noun,noun,"coarse_category,subtype"
easter_egg,food,food,"coarse_category,subtype"
eclair,"food, dessert",food,"coarse_category,subtype"
eel,"animal, food",animal,"coarse_category,subtype"
egg,food,food,"coarse_category,subtype"
egg_roll,food,food,"coarse_category,subtype"
eggbeater,"kitchen tool, tool",kitchen tool,"coarse_category,subtype"
eggnog,drink,drink,"coarse_category,subtype"
eggplant,"food, vegetable",food,"coarse_category,subtype"
eggshell,Noun,noun,"coarse_category,subtype"
elbow,body part,body part,"coarse_category,subtype"
electric_chair,electronic device,electronic device,"coarse_category,subtype"
elephant,animal,animal,"coarse_category,subtype"
emerald,Noun,noun,"coarse_category,subtype"
enchilada,food,food,"coarse_category,subtype"
engine,part of car,part of car,"coarse_category,subtype"
envelope,office supply,office supply,"coarse_category,subtype"
eraser,office supply,office supply,"coarse_category,subtype"
espresso,drink,drink,"coarse_category,subtype"
exerciser,sports equipment,sports equipment,"coarse_category,subtype"
exhaust_pipe,part of car,part of car,"coarse_category,subtype"
extinguisher,Noun,noun,"coarse_category,subtype"
eye,body part,body part,"coarse_category,subtype"
eye_patch,"medical equipment, clothing, clothing accessory",medical equipment,"coarse_category,subtype"
eyedropper,medical equipment,medical equipment,"coarse_category,subtype"
eyeliner,Noun,noun,"coarse_category,subtype"
eyepiece,Noun,noun,"coarse_category,subtype"
face,body part,body part,"coarse_category,subtype"
face_mask,sports equipment,sports equipment,"coarse_category,subtype"
fan,electronic device,electronic device,"coarse_category,subtype"
fast_food,food,food,"coarse_category,subtype"
faucet,Noun,noun,"coarse_category,subtype"
feather,Noun,noun,"coarse_category,subtype"
fence,Noun,noun,"coarse_category,subtype"
fencepost,#N/A,#n/a,"coarse_category,subtype"
fern,plant,plant,"coarse_category,subtype"
ferret,animal,animal,"coarse_category,subtype"
ferris_wheel,#N/A,#n/a,"coarse_category,subtype"
ferry,vehicle,vehicle,"coarse_category,subtype"
fig,"food, fruit",food,"coarse_category,subtype"
figurine,home decor,home decor,"coarse_category,subtype"
file1,tool,tool,"coarse_category,subtype"
file2,office supply,office supply,"coarse_category,subtype"
filing_cabinet,"furniture, container",furniture,"coarse_category,subtype"
film,Noun,noun,"coarse_category,subtype"
filter,part of car,part of car,"coarse_category,subtype"
finger,body part,body part,"coarse_category,subtype"
fingerprint,Noun,noun,"coarse_category,subtype"
fire,Noun,noun,"coarse_category,subtype"
fire_alarm,#N/A,#n/a,"coarse_category,subtype"
fire_hydrant,#N/A,#n/a,"coarse_category,subtype"
fire_pit,#N/A,#n/a,"coarse_category,subtype"
firecracker,Noun,noun,"coarse_category,subtype"
fireplace,home decor,home decor,"coarse_category,subtype"
firetruck,vehicle,vehicle,"coarse_category,subtype"
firewood,Noun,noun,"coarse_category,subtype"
fireworks,Noun,noun,"coarse_category,subtype"
first-aid_kit,medical equipment,medical equipment,"coarse_category,subtype"
fish,"animal, food",animal,"coarse_category,subtype"
fishbowl,container,container,"coarse_category,subtype"
fishhook,Noun,noun,"coarse_category,subtype"
fishing_pole,#N/A,#n/a,"coarse_category,subtype"
fishnet_stockings,clothing,clothing,"coarse_category,subtype"
flag,decoration,decoration,"coarse_category,subtype"
flagpole,Noun,noun,"coarse_category,subtype"
flamethrower,weapon,weapon,"coarse_category,subtype"
flamingo,"animal, bird",animal,"coarse_category,subtype"
flan,"food, dessert",food,"coarse_category,subtype"
flashbulb,Noun,noun,"coarse_category,subtype"
flashlight,Noun,noun,"coarse_category,subtype"
flask,container,container,"coarse_category,subtype"
flatiron,Noun,noun,"coarse_category,subtype"
flip_flop,clothing,clothing,"coarse_category,subtype"
flipper,sports equipment,sports equipment,"coarse_category,subtype"
float,Verb,verb,"coarse_category,subtype"
floss,Verb,verb,"coarse_category,subtype"
flour,food,food,"coarse_category,subtype"
flower,plant,plant,"coarse_category,subtype"
flute,musical instrument,musical instrument,"coarse_category,subtype"
fly,"animal, insect",animal,"coarse_category,subtype"
flypaper,Noun,noun,"coarse_category,subtype"
flyswatter,tool,tool,"coarse_category,subtype"
foam,Noun,noun,"coarse_category,subtype"
folder,office supply,office supply,"coarse_category,subtype"
fondue,food,food,"coarse_category,subtype"
food_processor,"electronic device, kitchen appliance",electronic device,"coarse_category,subtype"
foot,body part,body part,"coarse_category,subtype"
football,sports equipment,sports equipment,"coarse_category,subtype"
football_helmet,sports equipment,sports equipment,"coarse_category,subtype"
footbath,container,container,"coarse_category,subtype"
footprint,Noun,noun,"coarse_category,subtype"
footrest,furniture,furniture,"coarse_category,subtype"
fork,tool,tool,"coarse_category,subtype"
forklift,vehicle,vehicle,"coarse_category,subtype"
fossil,Noun,noun,"coarse_category,subtype"
fountain_pen,"office supply, tool",office supply,"coarse_category,subtype"
fox,animal,animal,"coarse_category,subtype"
frame,home decor,home decor,"coarse_category,subtype"
freezer,"electronic device, kitchen appliance",electronic device,"coarse_category,subtype"
french_fries,food,food,"coarse_category,subtype"
french_horn,musical instrument,musical instrument,"coarse_category,subtype"
frisbee,"toy, sports equipment",toy,"coarse_category,subtype"
frog,animal,animal,"coarse_category,subtype"
fruit,"food, fruit",food,"coarse_category,subtype"
fruitcake,"food, dessert",food,"coarse_category,subtype"
fudge,"food, dessert",food,"coarse_category,subtype"
fungus,Noun,noun,"coarse_category,subtype"
funnel,"kitchen tool, tool",kitchen tool,"coarse_category,subtype"
fur_coat,clothing,clothing,"coarse_category,subtype"
furnace,Noun,noun,"coarse_category,subtype"
fuse,Noun,noun,"coarse_category,subtype"
gallows,Noun,noun,"coarse_category,subtype"
game,Noun,noun,"coarse_category,subtype"
garbage,container,container,"coarse_category,subtype"
garbage_truck,vehicle,vehicle,"coarse_category,subtype"
gargoyle,decoration,decoration,"coarse_category,subtype"
garlic,"food, vegetable",food,"coarse_category,subtype"
garter,clothing,clothing,"coarse_category,subtype"
gas_mask,#N/A,#n/a,"coarse_category,subtype"
gasket,part of car,part of car,"coarse_category,subtype"
gate,Noun,noun,"coarse_category,subtype"
gauge,Noun,noun,"coarse_category,subtype"
gauze,medical equipment,medical equipment,"coarse_category,subtype"
gavel,tool,tool,"coarse_category,subtype"
gazelle,animal,animal,"coarse_category,subtype"
gear,Noun,noun,"coarse_category,subtype"
gearshift,part of car,part of car,"coarse_category,subtype"
gel,Noun,noun,"coarse_category,subtype"
gem,Noun,noun,"coarse_category,subtype"
generator,electronic device,electronic device,"coarse_category,subtype"
gift,Noun,noun,"coarse_category,subtype"
ginger,food,food,"coarse_category,subtype"
gingerbread_man,food,food,"coarse_category,subtype"
giraffe,animal,animal,"coarse_category,subtype"
girl,Noun,noun,"coarse_category,subtype"
glass,container,container,"coarse_category,subtype"
glasses,clothing accessory,clothing accessory,"coarse_category,subtype"
globe,home decor,home decor,"coarse_category,subtype"
glove,"clothing, clothing accessory",clothing,"coarse_category,subtype"
glue,office supply,office supply,"coarse_category,subtype"
go-kart,vehicle,vehicle,"coarse_category,subtype"
goalpost,sports equipment,sports equipment,"coarse_category,subtype"
goat,"animal, food",animal,"coarse_category,subtype"
goblet,container,container,"coarse_category,subtype"
goggles,sports equipment,sports equipment,"coarse_category,subtype"
gold,Noun,noun,"coarse_category,subtype"
goldfish,animal,animal,"coarse_category,subtype"
golf_cart,vehicle,vehicle,"coarse_category,subtype"
golf_club,sports equipment,sports equipment,"coarse_category,subtype"
gondola,vehicle,vehicle,"coarse_category,subtype"
gong,musical instrument,musical instrument,"coarse_category,subtype"
goose,"animal, bird, food",animal,"coarse_category,subtype"
gopher,animal,animal,"coarse_category,subtype"
gorilla,"animal, food",animal,"coarse_category,subtype"
gourd,"home decor, vegetable",home decor,"coarse_category,subtype"
graffiti,decoration,decoration,"coarse_category,subtype"
grain,food,food,"coarse_category,subtype"
gramophone,Noun,noun,"coarse_category,subtype"
granite,Noun,noun,"coarse_category,subtype"
granola,food,food,"coarse_category,subtype"
grape,"food, fruit",food,"coarse_category,subtype"
grapefruit,"food, fruit",food,"coarse_category,subtype"
grapevine,plant,plant,"coarse_category,subtype"
grass,plant,plant,"coarse_category,subtype"
grasshopper,"animal, insect",animal,"coarse_category,subtype"
grate,Noun,noun,"coarse_category,subtype"
grater,"kitchen tool, tool",kitchen tool,"coarse_category,subtype"
gravel,Noun,noun,"coarse_category,subtype"
gravestone,Noun,noun,"coarse_category,subtype"
gravy,food,food,"coarse_category,subtype"
green_beans,"food, vegetable",food,"coarse_category,subtype"
grenade,weapon,weapon,"coarse_category,subtype"
grill,Noun,noun,"coarse_category,subtype"
grille,part of car,part of car,"coarse_category,subtype"
grinder,"kitchen tool, tool",kitchen tool,"coarse_category,subtype"
grits,food,food,"coarse_category,subtype"
groundhog,animal,animal,"coarse_category,subtype"
guacamole,food,food,"coarse_category,subtype"
guardrail,Noun,noun,"coarse_category,subtype"
guillotine,Noun,noun,"coarse_category,subtype"
guinea_pig,animal,animal,"coarse_category,subtype"
guitar,musical instrument,musical instrument,"coarse_category,subtype"
gum,food,food,"coarse_category,subtype"
gumball,food,food,"coarse_category,subtype"
gumdrop,food,food,"coarse_category,subtype"
gun,weapon,weapon,"coarse_category,subtype"
gurney,medical equipment,medical equipment,"coarse_category,subtype"
gutter,Noun,noun,"coarse_category,subtype"
gyro,food,food,"coarse_category,subtype"
gyroscope,toy,toy,"coarse_category,subtype"
hail,Verb,verb,"coarse_category,subtype"
hair,body part,body part,"coarse_category,subtype"
hairbrush,Noun,noun,"coarse_category,subtype"
hairdryer,electronic device,electronic device,"coarse_category,subtype"
hairnet,Noun,noun,"coarse_category,subtype"
hairpin,Noun,noun,"coarse_category,subtype"
hairspray,Noun,noun,"coarse_category,subtype"
ham,food,food,"coarse_category,subtype"
hamburger,food,food,"coarse_category,subtype"
hammer,"weapon, tool",weapon,"coarse_category,subtype"
hammock,furniture,furniture,"coarse_category,subtype"
hamster,animal,animal,"coarse_category,subtype"
hand,body part,body part,"coarse_category,subtype"
handbrake,part of car,part of car,"coarse_category,subtype"
handcuff,Verb,verb,"coarse_category,subtype"
handkerchief,clothing accessory,clothing accessory,"coarse_category,subtype"
handle,Verb,verb,"coarse_category,subtype"
handlebar,Noun,noun,"coarse_category,subtype"
handprint,Noun,noun,"coarse_category,subtype"
hanger,Noun,noun,"coarse_category,subtype"
hard_disk,#N/A,#n/a,"coarse_category,subtype"
harmonica,musical instrument,musical instrument,"coarse_category,subtype"
harness,Noun,noun,"coarse_category,subtype"
harp,musical instrument,musical instrument,"coarse_category,subtype"
hash,food,food,"coarse_category,subtype"
hat,"clothing, clothing accessory",clothing,"coarse_category,subtype"
hatbox,container,container,"coarse_category,subtype"
hatchet,tool,tool,"coarse_category,subtype"
hawk,"animal, bird",animal,"coarse_category,subtype"
hay,food,food,"coarse_category,subtype"
headband,"clothing, clothing accessory",clothing,"coarse_category,subtype"
headdress,"clothing, clothing accessory",clothing,"coarse_category,subtype"
headlamp,#N/A,#n/a,"coarse_category,subtype"
headlight,part of car,part of car,"coarse_category,subtype"
headphones,Noun,noun,"coarse_category,subtype"
headrest,part of car,part of car,"coarse_category,subtype"
headscarf,clothing,clothing,"coarse_category,subtype"
headset,Noun,noun,"coarse_category,subtype"
hearing_aid,medical equipment,medical equipment,"coarse_category,subtype"
hearse,vehicle,vehicle,"coarse_category,subtype"
heater,Noun,noun,"coarse_category,subtype"
hedge,plant,plant,"coarse_category,subtype"
hedgehog,animal,animal,"coarse_category,subtype"
helicopter,vehicle,vehicle,"coarse_category,subtype"
helmet,sports equipment,sports equipment,"coarse_category,subtype"
highchair,furniture,furniture,"coarse_category,subtype"
highlighter,office supply,office supply,"coarse_category,subtype"
hinge,Noun,noun,"coarse_category,subtype"
hip,body part,body part,"coarse_category,subtype"
hippopotamus,animal,animal,"coarse_category,subtype"
hobbyhorse,toy,toy,"coarse_category,subtype"
hockey_stick,sports equipment,sports equipment,"coarse_category,subtype"
hoe,tool,tool,"coarse_category,subtype"
hole,Noun,noun,"coarse_category,subtype"
holster,Noun,noun,"coarse_category,subtype"
home_plate,sports equipment,sports equipment,"coarse_category,subtype"
honey,food,food,"coarse_category,subtype"
honeycomb,Noun,noun,"coarse_category,subtype"
honeypot,container,container,"coarse_category,subtype"
hood,clothing,clothing,"coarse_category,subtype"
hoodie,clothing,clothing,"coarse_category,subtype"
hook1,Noun,noun,"coarse_category,subtype"
hook2,tool,tool,"coarse_category,subtype"
hookah,Noun,noun,"coarse_category,subtype"
hopscotch,Noun,noun,"coarse_category,subtype"
horn,musical instrument,musical instrument,"coarse_category,subtype"
horse,animal,animal,"coarse_category,subtype"
horseshoe,Noun,noun,"coarse_category,subtype"
hose,tool,tool,"coarse_category,subtype"
hot_chocolate,drink,drink,"coarse_category,subtype"
hot_tub,container,container,"coarse_category,subtype"
hot-air_balloon,vehicle,vehicle,"coarse_category,subtype"
hot-water_bottle,container,container,"coarse_category,subtype"
hotdog,food,food,"coarse_category,subtype"
hotplate,"electronic device, kitchen appliance",electronic device,"coarse_category,subtype"
hourglass,home decor,home decor,"coarse_category,subtype"
hovercraft,vehicle,vehicle,"coarse_category,subtype"
hubcap,part of car,part of car,"coarse_category,subtype"
hula_hoop,toy,toy,"coarse_category,subtype"
hummingbird,"animal, bird",animal,"coarse_category,subtype"
hummus,food,food,"coarse_category,subtype"
humvee,vehicle,vehicle,"coarse_category,subtype"
hydrant,Noun,noun,"coarse_category,subtype"
hyena,animal,animal,"coarse_category,subtype"
ice,"food, dessert",food,"coarse_category,subtype"
ice_cream,"food, dessert",food,"coarse_category,subtype"
ice_cube,"food, dessert",food,"coarse_category,subtype"
ice_pack,medical equipment,medical equipment,"coarse_category,subtype"
ice-cream_cone,"food, dessert",food,"coarse_category,subtype"
icemaker,"electronic device, kitchen appliance",electronic device,"coarse_category,subtype"
icepick,"weapon, kitchen tool, tool",weapon,"coarse_category,subtype"
iceskate,sports equipment,sports equipment,"coarse_category,subtype"
icicle,Noun,noun,"coarse_category,subtype"
iguana,animal,animal,"coarse_category,subtype"
incense,Noun,noun,"coarse_category,subtype"
incubator,electronic device,electronic device,"coarse_category,subtype"
inhaler,medical equipment,medical equipment,"coarse_category,subtype"
ink,office supply,office supply,"coarse_category,subtype"
inkwell,container,container,"coarse_category,subtype"
insole,clothing accessory,clothing accessory,"coarse_category,subtype"
iron,electronic device,electronic device,"coarse_category,subtype"
ironing_board,#N/A,#n/a,"coarse_category,subtype"
ivy,plant,plant,"coarse_category,subtype"
jack,tool,tool,"coarse_category,subtype"
jacket,clothing,clothing,"coarse_category,subtype"
jackhammer,"electronic device, tool",electronic device,"coarse_category,subtype"
jalapeno,"food, vegetable",food,"coarse_category,subtype"
jam,food,food,"coarse_category,subtype"
jar,container,container,"coarse_category,subtype"
javelin,sports equipment,sports equipment,"coarse_category,subtype"
jeans,clothing,clothing,"coarse_category,subtype"
jeep,vehicle,vehicle,"coarse_category,subtype"
jelly_bean,food,food,"coarse_category,subtype"
jellyfish,animal,animal,"coarse_category,subtype"
jersey,clothing,clothing,"coarse_category,subtype"
jet,vehicle,vehicle,"coarse_category,subtype"
jetski,vehicle,vehicle,"coarse_category,subtype"
jewel,decoration,decoration,"coarse_category,subtype"
jewelry,decoration,decoration,"coarse_category,subtype"
jigsaw_puzzle,#N/A,#n/a,"coarse_category,subtype"
joystick,electronic device,electronic device,"coarse_category,subtype"
jug,container,container,"coarse_category,subtype"
juice,drink,drink,"coarse_category,subtype"
juicer1,kitchen tool,kitchen tool,"coarse_category,subtype"
juicer2,"electronic device, kitchen appliance",electronic device,"coarse_category,subtype"
jukebox,electronic device,electronic device,"coarse_category,subtype"
jump_rope,sports equipment,sports equipment,"coarse_category,subtype"
jumpsuit,clothing,clothing,"coarse_category,subtype"
kale,"plant, food, vegetable",plant,"coarse_category,subtype"
kaleidoscope,toy,toy,"coarse_category,subtype"
kangaroo,animal,animal,"coarse_category,subtype"
kayak,vehicle,vehicle,"coarse_category,subtype"
kazoo,musical instrument,musical instrument,"coarse_category,subtype"
kebab,food,food,"coarse_category,subtype"
keg,container,container,"coarse_category,subtype"
ketchup,food,food,"coarse_category,subtype"
kettle,"container, kitchen tool",container,"coarse_category,subtype"
key,Noun,noun,"coarse_category,subtype"
keyboard,musical instrument,musical instrument,"coarse_category,subtype"
keyhole,Noun,noun,"coarse_category,subtype"
kilt,clothing,clothing,"coarse_category,subtype"
kimono,clothing,clothing,"coarse_category,subtype"
kite,toy,toy,"coarse_category,subtype"
kitten,animal,animal,"coarse_category,subtype"
kiwi,"food, fruit",food,"coarse_category,subtype"
knee,body part,body part,"coarse_category,subtype"
kneepad,sports equipment,sports equipment,"coarse_category,subtype"
knife,"weapon, kitchen tool, tool",weapon,"coarse_category,subtype"
knitting,Noun,noun,"coarse_category,subtype"
knitting_needle,#N/A,#n/a,"coarse_category,subtype"
knob,Noun,noun,"coarse_category,subtype"
knot,Noun,noun,"coarse_category,subtype"
koala,animal,animal,"coarse_category,subtype"
lab_coat,clothing,clothing,"coarse_category,subtype"
ladder,tool,tool,"coarse_category,subtype"
ladle,"kitchen tool, tool",kitchen tool,"coarse_category,subtype"
ladybug,"animal, insect",animal,"coarse_category,subtype"
lamb,"animal, food",animal,"coarse_category,subtype"
lamb_chop,food,food,"coarse_category,subtype"
lamp,"electronic device, home decor",electronic device,"coarse_category,subtype"
lamppost,Noun,noun,"coarse_category,subtype"
lampshade,home decor,home decor,"coarse_category,subtype"
landmine,weapon,weapon,"coarse_category,subtype"
lantern,Noun,noun,"coarse_category,subtype"
lanyard,clothing accessory,clothing accessory,"coarse_category,subtype"
laptop,electronic device,electronic device,"coarse_category,subtype"
lasagna,food,food,"coarse_category,subtype"
laser_pointer,#N/A,#n/a,"coarse_category,subtype"
latch,Noun,noun,"coarse_category,subtype"
latte,drink,drink,"coarse_category,subtype"
laundry_basket,container,container,"coarse_category,subtype"
lava,Noun,noun,"coarse_category,subtype"
lavender,plant,plant,"coarse_category,subtype"
lawnmower,tool,tool,"coarse_category,subtype"
leaf,Noun,noun,"coarse_category,subtype"
leash,Noun,noun,"coarse_category,subtype"
lectern,furniture,furniture,"coarse_category,subtype"
leech,animal,animal,"coarse_category,subtype"
leek,"plant, food, vegetable",plant,"coarse_category,subtype"
leg,body part,body part,"coarse_category,subtype"
leggings,clothing,clothing,"coarse_category,subtype"
lego,toy,toy,"coarse_category,subtype"
lemon,"food, fruit",food,"coarse_category,subtype"
lemonade,drink,drink,"coarse_category,subtype"
lens,Noun,noun,"coarse_category,subtype"
leopard,animal,animal,"coarse_category,subtype"
leotard,clothing,clothing,"coarse_category,subtype"
letter_opener,tool,tool,"coarse_category,subtype"
lettuce,"plant, food, vegetable",plant,"coarse_category,subtype"
license_plate,part of car,part of car,"coarse_category,subtype"
licorice,food,food,"coarse_category,subtype"
lid,Noun,noun,"coarse_category,subtype"
life_jacket,clothing,clothing,"coarse_category,subtype"
lifesaver,Noun,noun,"coarse_category,subtype"
light_switch,#N/A,#n/a,"coarse_category,subtype"
lightbulb,Noun,noun,"coarse_category,subtype"
lighter,tool,tool,"coarse_category,subtype"
lightning_bug,"animal, insect",animal,"coarse_category,subtype"
lime,"food, fruit",food,"coarse_category,subtype"
limousine,vehicle,vehicle,"coarse_category,subtype"
lingerie,clothing,clothing,"coarse_category,subtype"
lion,animal,animal,"coarse_category,subtype"
lip_balm,#N/A,#n/a,"coarse_category,subtype"
lip_gloss,#N/A,#n/a,"coarse_category,subtype"
lipstick,Noun,noun,"coarse_category,subtype"
lizard,animal,animal,"coarse_category,subtype"
llama,animal,animal,"coarse_category,subtype"
lobster,"animal, food",animal,"coarse_category,subtype"
lock,Verb,verb,"coarse_category,subtype"
locker,container,container,"coarse_category,subtype"
locket,container,container,"coarse_category,subtype"
log,Noun,noun,"coarse_category,subtype"
loincloth,clothing,clothing,"coarse_category,subtype"
lollipop,food,food,"coarse_category,subtype"
loom,Noun,noun,"coarse_category,subtype"
loveseat,furniture,furniture,"coarse_category,subtype"
luggage,container,container,"coarse_category,subtype"
lumber,Noun,noun,"coarse_category,subtype"
lunchbox,container,container,"coarse_category,subtype"
macadamia,food,food,"coarse_category,subtype"
macaroni,food,food,"coarse_category,subtype"
machete,weapon,weapon,"coarse_category,subtype"
machine_gun,weapon,weapon,"coarse_category,subtype"
maggot,animal,animal,"coarse_category,subtype"
magnet,tool,tool,"coarse_category,subtype"
magnifier,tool,tool,"coarse_category,subtype"
magnifying_glass,tool,tool,"coarse_category,subtype"
mail,Noun,noun,"coarse_category,subtype"
mailbox,container,container,"coarse_category,subtype"
makeup,Noun,noun,"coarse_category,subtype"
mallet,tool,tool,"coarse_category,subtype"
man,Noun,noun,"coarse_category,subtype"
manatee,animal,animal,"coarse_category,subtype"
mandolin,musical instrument,musical instrument,"coarse_category,subtype"
mango,"food, fruit",food,"coarse_category,subtype"
manhole,Noun,noun,"coarse_category,subtype"
mannequin,Noun,noun,"coarse_category,subtype"
mantle,Noun,noun,"coarse_category,subtype"
map,Noun,noun,"coarse_category,subtype"
maple_syrup,food,food,"coarse_category,subtype"
marble,toy,toy,"coarse_category,subtype"
margarita,drink,drink,"coarse_category,subtype"
marijuana,plant,plant,"coarse_category,subtype"
marker,tool,tool,"coarse_category,subtype"
marmalade,food,food,"coarse_category,subtype"
marshmallow,food,food,"coarse_category,subtype"
mascara,Noun,noun,"coarse_category,subtype"
mashed_potato,food,food,"coarse_category,subtype"
mask,clothing,clothing,"coarse_category,subtype"
mast,Noun,noun,"coarse_category,subtype"
mat,Noun,noun,"coarse_category,subtype"
match,tool,tool,"coarse_category,subtype"
matchbox,container,container,"coarse_category,subtype"
mattress,furniture,furniture,"coarse_category,subtype"
measuring_cup,"container, kitchen tool",container,"coarse_category,subtype"
meat,food,food,"coarse_category,subtype"
meat_grinder,#N/A,#n/a,"coarse_category,subtype"
meatball,food,food,"coarse_category,subtype"
meatloaf,food,food,"coarse_category,subtype"
medal,Noun,noun,"coarse_category,subtype"
meerkat,animal,animal,"coarse_category,subtype"
megaphone,Noun,noun,"coarse_category,subtype"
melon,"food, fruit",food,"coarse_category,subtype"
memory_stick,#N/A,#n/a,"coarse_category,subtype"
metal_detector,"electronic device, tool",electronic device,"coarse_category,subtype"
metronome,Noun,noun,"coarse_category,subtype"
microphone,electronic device,electronic device,"coarse_category,subtype"
microscope,Noun,noun,"coarse_category,subtype"
microwave,"electronic device, kitchen appliance",electronic device,"coarse_category,subtype"
milk,drink,drink,"coarse_category,subtype"
milkshake,"drink, dessert",drink,"coarse_category,subtype"
minivan,vehicle,vehicle,"coarse_category,subtype"
mint,"plant, food",plant,"coarse_category,subtype"
mirror,home decor,home decor,"coarse_category,subtype"
missile,weapon,weapon,"coarse_category,subtype"
mistletoe,Noun,noun,"coarse_category,subtype"
mitten,"clothing, clothing accessory",clothing,"coarse_category,subtype"
mixer,"electronic device, kitchen appliance",electronic device,"coarse_category,subtype"
moccasin,clothing,clothing,"coarse_category,subtype"
modem,electronic device,electronic device,"coarse_category,subtype"
mold1,container,container,"coarse_category,subtype"
mold2,Noun,noun,"coarse_category,subtype"
mole,animal,animal,"coarse_category,subtype"
money,Noun,noun,"coarse_category,subtype"
mongoose,animal,animal,"coarse_category,subtype"
monkey,animal,animal,"coarse_category,subtype"
moose,animal,animal,"coarse_category,subtype"
mop,tool,tool,"coarse_category,subtype"
mosquito,"animal, insect",animal,"coarse_category,subtype"
mosquito_net,#N/A,#n/a,"coarse_category,subtype"
moss,plant,plant,"coarse_category,subtype"
moth,"animal, insect",animal,"coarse_category,subtype"
motherboard,Noun,noun,"coarse_category,subtype"
motorcycle,vehicle,vehicle,"coarse_category,subtype"
mouse1,animal,animal,"coarse_category,subtype"
mouse2,electronic device,electronic device,"coarse_category,subtype"
mousepad,#N/A,#n/a,"coarse_category,subtype"
mousetrap,Noun,noun,"coarse_category,subtype"
mousse,"food, dessert",food,"coarse_category,subtype"
mouth,body part,body part,"coarse_category,subtype"
mouthpiece,sports equipment,sports equipment,"coarse_category,subtype"
mud,Noun,noun,"coarse_category,subtype"
muff,"clothing, clothing accessory",clothing,"coarse_category,subtype"
muffin,"food, dessert",food,"coarse_category,subtype"
mug,container,container,"coarse_category,subtype"
mulberry,"food, fruit",food,"coarse_category,subtype"
mulch,Noun,noun,"coarse_category,subtype"
mullet,Noun,noun,"coarse_category,subtype"
mushroom,food,food,"coarse_category,subtype"
music_box,"electronic device, toy",electronic device,"coarse_category,subtype"
mussel,"animal, food",animal,"coarse_category,subtype"
mustache,body part,body part,"coarse_category,subtype"
mustard,food,food,"coarse_category,subtype"
nacho,food,food,"coarse_category,subtype"
nail,Verb,verb,"coarse_category,subtype"
nail_clippers,tool,tool,"coarse_category,subtype"
nail_file,tool,tool,"coarse_category,subtype"
nail_polish,#N/A,#n/a,"coarse_category,subtype"
napkin,Noun,noun,"coarse_category,subtype"
napkin_ring,#N/A,#n/a,"coarse_category,subtype"
navel,body part,body part,"coarse_category,subtype"
neck,body part,body part,"coarse_category,subtype"
necklace,decoration,decoration,"coarse_category,subtype"
needle,tool,tool,"coarse_category,subtype"
nest,Noun,noun,"coarse_category,subtype"
net,Noun,noun,"coarse_category,subtype"
nightshirt,clothing,clothing,"coarse_category,subtype"
nightstand,"furniture, container",furniture,"coarse_category,subtype"
noisemaker,toy,toy,"coarse_category,subtype"
noodle,food,food,"coarse_category,subtype"
noose,Noun,noun,"coarse_category,subtype"
nose,body part,body part,"coarse_category,subtype"
notebook,office supply,office supply,"coarse_category,subtype"
notepad,office supply,office supply,"coarse_category,subtype"
nut,food,food,"coarse_category,subtype"
nutcracker,"kitchen tool, tool",kitchen tool,"coarse_category,subtype"
oar,sports equipment,sports equipment,"coarse_category,subtype"
oatmeal,food,food,"coarse_category,subtype"
octopus,"animal, food",animal,"coarse_category,subtype"
odometer,part of car,part of car,"coarse_category,subtype"
oil,Noun,noun,"coarse_category,subtype"
oilcan,container,container,"coarse_category,subtype"
okra,"food, vegetable",food,"coarse_category,subtype"
olive,food,food,"coarse_category,subtype"
omelet,food,food,"coarse_category,subtype"
onion,"food, vegetable",food,"coarse_category,subtype"
orange,"food, fruit",food,"coarse_category,subtype"
orange_rind,#N/A,#n/a,"coarse_category,subtype"
orangutan,animal,animal,"coarse_category,subtype"
orchid,plant,plant,"coarse_category,subtype"
organ,musical instrument,musical instrument,"coarse_category,subtype"
origami,Noun,noun,"coarse_category,subtype"
ostrich,"animal, bird",animal,"coarse_category,subtype"
otter,animal,animal,"coarse_category,subtype"
ottoman,furniture,furniture,"coarse_category,subtype"
outfit,clothing,clothing,"coarse_category,subtype"
outlet,Noun,noun,"coarse_category,subtype"
oven,kitchen appliance,kitchen appliance,"coarse_category,subtype"
overalls,clothing,clothing,"coarse_category,subtype"
owl,"animal, bird",animal,"coarse_category,subtype"
oyster,"animal, food",animal,"coarse_category,subtype"
pacifier,Noun,noun,"coarse_category,subtype"
paddle,sports equipment,sports equipment,"coarse_category,subtype"
padlock,Noun,noun,"coarse_category,subtype"
paint,Verb,verb,"coarse_category,subtype"
paintbrush,tool,tool,"coarse_category,subtype"
painting,Noun,noun,"coarse_category,subtype"
pajamas,clothing,clothing,"coarse_category,subtype"
palette,Noun,noun,"coarse_category,subtype"
pallet,Noun,noun,"coarse_category,subtype"
palm_tree,plant,plant,"coarse_category,subtype"
pan,container,container,"coarse_category,subtype"
pancake,food,food,"coarse_category,subtype"
panda,animal,animal,"coarse_category,subtype"
panther,animal,animal,"coarse_category,subtype"
panties,clothing,clothing,"coarse_category,subtype"
pants,clothing,clothing,"coarse_category,subtype"
pantsuit,clothing,clothing,"coarse_category,subtype"
pantyhose,clothing,clothing,"coarse_category,subtype"
papaya,"food, fruit",food,"coarse_category,subtype"
paper,office supply,office supply,"coarse_category,subtype"
paper_bag,container,container,"coarse_category,subtype"
paper_plate,#N/A,#n/a,"coarse_category,subtype"
paper_towel,#N/A,#n/a,"coarse_category,subtype"
paperclip,office supply,office supply,"coarse_category,subtype"
paperweight,office supply,office supply,"coarse_category,subtype"
parachute,Noun,noun,"coarse_category,subtype"
parfait,"food, dessert",food,"coarse_category,subtype"
parking_meter,#N/A,#n/a,"coarse_category,subtype"
parrot,"animal, bird",animal,"coarse_category,subtype"
parsley,"plant, food, vegetable",plant,"coarse_category,subtype"
pasta,food,food,"coarse_category,subtype"
pastry,"food, dessert",food,"coarse_category,subtype"
patch,clothing accessory,clothing accessory,"coarse_category,subtype"
patty,food,food,"coarse_category,subtype"
payphone,Noun,noun,"coarse_category,subtype"
pea,"food, vegetable",food,"coarse_category,subtype"
peach,"food, fruit",food,"coarse_category,subtype"
peacock,"animal, bird",animal,"coarse_category,subtype"
peanut,food,food,"coarse_category,subtype"
peanut_butter,food,food,"coarse_category,subtype"
pear,"food, fruit",food,"coarse_category,subtype"
pearl,decoration,decoration,"coarse_category,subtype"
pecan,food,food,"coarse_category,subtype"
pedal,part of car,part of car,"coarse_category,subtype"
pedometer,Noun,noun,"coarse_category,subtype"
peeler,"kitchen tool, tool",kitchen tool,"coarse_category,subtype"
peg,Name,name,"coarse_category,subtype"
pelican,"animal, bird",animal,"coarse_category,subtype"
pen,"office supply, tool",office supply,"coarse_category,subtype"
pencil,"office supply, tool",office supply,"coarse_category,subtype"
pencil_sharpener,"office supply, tool",office supply,"coarse_category,subtype"
pendulum,Noun,noun,"coarse_category,subtype"
penguin,"animal, bird",animal,"coarse_category,subtype"
penholder,office supply,office supply,"coarse_category,subtype"
penlight,"medical equipment, tool",medical equipment,"coarse_category,subtype"
pennant,Noun,noun,"coarse_category,subtype"
pepper_mill,kitchen tool,kitchen tool,"coarse_category,subtype"
pepper1,food,food,"coarse_category,subtype"
pepper2,"food, vegetable",food,"coarse_category,subtype"
peppermint,food,food,"coarse_category,subtype"
pepperoni,food,food,"coarse_category,subtype"
perfume,Noun,noun,"coarse_category,subtype"
periscope,Noun,noun,"coarse_category,subtype"
pesto,food,food,"coarse_category,subtype"
pet_food,food,food,"coarse_category,subtype"
petal,Noun,noun,"coarse_category,subtype"
petri_dish,container,container,"coarse_category,subtype"
pheasant,"animal, bird",animal,"coarse_category,subtype"
phone,Noun,noun,"coarse_category,subtype"
phone_booth,#N/A,#n/a,"coarse_category,subtype"
photo_booth,#N/A,#n/a,"coarse_category,subtype"
photograph,Noun,noun,"coarse_category,subtype"
piano,musical instrument,musical instrument,"coarse_category,subtype"
pickax,"weapon, tool",weapon,"coarse_category,subtype"
pickle,food,food,"coarse_category,subtype"
pie,"food, dessert",food,"coarse_category,subtype"
piecrust,food,food,"coarse_category,subtype"
pig,"animal, food",animal,"coarse_category,subtype"
pigeon,"animal, bird",animal,"coarse_category,subtype"
piggy_bank,container,container,"coarse_category,subtype"
piglet,animal,animal,"coarse_category,subtype"
pill,Noun,noun,"coarse_category,subtype"
pillbox,"medical equipment, container",medical equipment,"coarse_category,subtype"
pillow,home decor,home decor,"coarse_category,subtype"
pin,tool,tool,"coarse_category,subtype"
pinball,electronic device,electronic device,"coarse_category,subtype"
pincushion,Noun,noun,"coarse_category,subtype"
pine_needle,#N/A,#n/a,"coarse_category,subtype"
pine_tree,plant,plant,"coarse_category,subtype"
pineapple,"food, fruit",food,"coarse_category,subtype"
pinecone,home decor,home decor,"coarse_category,subtype"
ping-pong_table,sports equipment,sports equipment,"coarse_category,subtype"
pinwheel,"home decor, toy",home decor,"coarse_category,subtype"
pipe1,Noun,noun,"coarse_category,subtype"
pipe2,Noun,noun,"coarse_category,subtype"
pistachio,food,food,"coarse_category,subtype"
pita,food,food,"coarse_category,subtype"
pitcher,container,container,"coarse_category,subtype"
pitchfork,"weapon, tool",weapon,"coarse_category,subtype"
pizza,food,food,"coarse_category,subtype"
place_mat,home decor,home decor,"coarse_category,subtype"
plant,plant,plant,"coarse_category,subtype"
plaster_cast,medical equipment,medical equipment,"coarse_category,subtype"
plastic_film,#N/A,#n/a,"coarse_category,subtype"
plate,Noun,noun,"coarse_category,subtype"
platypus,animal,animal,"coarse_category,subtype"
playing_card,#N/A,#n/a,"coarse_category,subtype"
playpen,Noun,noun,"coarse_category,subtype"
pliers,tool,tool,"coarse_category,subtype"
plug,Noun,noun,"coarse_category,subtype"
plum,"food, fruit",food,"coarse_category,subtype"
plunger,tool,tool,"coarse_category,subtype"
pocket,container,container,"coarse_category,subtype"
pocket_watch,#N/A,#n/a,"coarse_category,subtype"
pocketknife,"weapon, tool",weapon,"coarse_category,subtype"
pogo_stick,toy,toy,"coarse_category,subtype"
poinsettia,plant,plant,"coarse_category,subtype"
poker,tool,tool,"coarse_category,subtype"
polar_bear,animal,animal,"coarse_category,subtype"
polaroid,#N/A,#n/a,"coarse_category,subtype"
pole,Noun,noun,"coarse_category,subtype"
police_car,vehicle,vehicle,"coarse_category,subtype"
polisher,tool,tool,"coarse_category,subtype"
polo_shirt,clothing,clothing,"coarse_category,subtype"
polygraph,electronic device,electronic device,"coarse_category,subtype"
pom-pom,decoration,decoration,"coarse_category,subtype"
pomegranate,"food, fruit",food,"coarse_category,subtype"
pony,animal,animal,"coarse_category,subtype"
poodle,animal,animal,"coarse_category,subtype"
pool_table,furniture,furniture,"coarse_category,subtype"
popcorn,food,food,"coarse_category,subtype"
poppy,"plant, food",plant,"coarse_category,subtype"
popsicle,"food, dessert",food,"coarse_category,subtype"
porcupine,animal,animal,"coarse_category,subtype"
porthole,Noun,noun,"coarse_category,subtype"
possum,animal,animal,"coarse_category,subtype"
poster,home decor,home decor,"coarse_category,subtype"
pot,container,container,"coarse_category,subtype"
potato,"food, vegetable",food,"coarse_category,subtype"
potholder,#N/A,#n/a,"coarse_category,subtype"
pothole,Noun,noun,"coarse_category,subtype"
potpie,food,food,"coarse_category,subtype"
potpourri,home decor,home decor,"coarse_category,subtype"
powder,Noun,noun,"coarse_category,subtype"
power_line,#N/A,#n/a,"coarse_category,subtype"
praying_mantis,"animal, insect",animal,"coarse_category,subtype"
pretzel,food,food,"coarse_category,subtype"
printer,electronic device,electronic device,"coarse_category,subtype"
prism,Name,name,"coarse_category,subtype"
projector,electronic device,electronic device,"coarse_category,subtype"
propeller,Noun,noun,"coarse_category,subtype"
prune,"food, fruit",food,"coarse_category,subtype"
puck,sports equipment,sports equipment,"coarse_category,subtype"
pudding,"food, dessert",food,"coarse_category,subtype"
puddle,Noun,noun,"coarse_category,subtype"
puffin,"animal, bird",animal,"coarse_category,subtype"
pug,animal,animal,"coarse_category,subtype"
pulley,tool,tool,"coarse_category,subtype"
pulpit,Noun,noun,"coarse_category,subtype"
pump,Noun,noun,"coarse_category,subtype"
pumpkin,"food, vegetable",food,"coarse_category,subtype"
punch1,drink,drink,"coarse_category,subtype"
punch2,"office supply, tool",office supply,"coarse_category,subtype"
punching_bag,sports equipment,sports equipment,"coarse_category,subtype"
puppet,toy,toy,"coarse_category,subtype"
puppy,animal,animal,"coarse_category,subtype"
purse,"container, clothing accessory",container,"coarse_category,subtype"
quad,vehicle,vehicle,"coarse_category,subtype"
quesadilla,food,food,"coarse_category,subtype"
quiche,food,food,"coarse_category,subtype"
quill,tool,tool,"coarse_category,subtype"
quilt,Noun,noun,"coarse_category,subtype"
rabbit,"animal, food",animal,"coarse_category,subtype"
raccoon,animal,animal,"coarse_category,subtype"
racehorse,animal,animal,"coarse_category,subtype"
rack1,furniture,furniture,"coarse_category,subtype"
rack2,furniture,furniture,"coarse_category,subtype"
racket,sports equipment,sports equipment,"coarse_category,subtype"
radar,Noun,noun,"coarse_category,subtype"
radiator,Noun,noun,"coarse_category,subtype"
radio,electronic device,electronic device,"coarse_category,subtype"
radish,"food, vegetable",food,"coarse_category,subtype"
raft,vehicle,vehicle,"coarse_category,subtype"
rag,Noun,noun,"coarse_category,subtype"
railing,Noun,noun,"coarse_category,subtype"
rain_gauge,#N/A,#n/a,"coarse_category,subtype"
raincoat,clothing,clothing,"coarse_category,subtype"
raisin,"food, fruit",food,"coarse_category,subtype"
rake,tool,tool,"coarse_category,subtype"
ram,animal,animal,"coarse_category,subtype"
ramp,Noun,noun,"coarse_category,subtype"
raspberry,"food, fruit",food,"coarse_category,subtype"
rat,animal,animal,"coarse_category,subtype"
ratchet,tool,tool,"coarse_category,subtype"
rattle,toy,toy,"coarse_category,subtype"
rattlesnake,animal,animal,"coarse_category,subtype"
ravioli,food,food,"coarse_category,subtype"
razor,tool,tool,"coarse_category,subtype"
razor_blade,weapon,weapon,"coarse_category,subtype"
ready_meal,food,food,"coarse_category,subtype"
rearview_mirror,part of car,part of car,"coarse_category,subtype"
recliner,furniture,furniture,"coarse_category,subtype"
record,Noun,noun,"coarse_category,subtype"
record_player,electronic device,electronic device,"coarse_category,subtype"
recorder,musical instrument,musical instrument,"coarse_category,subtype"
red_carpet,#N/A,#n/a,"coarse_category,subtype"
reel,Noun,noun,"coarse_category,subtype"
refrigerator,"electronic device, kitchen appliance",electronic device,"coarse_category,subtype"
reindeer,animal,animal,"coarse_category,subtype"
remote_control,electronic device,electronic device,"coarse_category,subtype"
retainer,Noun,noun,"coarse_category,subtype"
revolver,weapon,weapon,"coarse_category,subtype"
revolving_door,#N/A,#n/a,"coarse_category,subtype"
rhinoceros,animal,animal,"coarse_category,subtype"
rhubarb,"food, vegetable",food,"coarse_category,subtype"
ribbon,Noun,noun,"coarse_category,subtype"
rice,food,food,"coarse_category,subtype"
rickshaw,vehicle,vehicle,"coarse_category,subtype"
rifle,weapon,weapon,"coarse_category,subtype"
rim,part of car,part of car,"coarse_category,subtype"
ring,decoration,decoration,"coarse_category,subtype"
riser,Noun,noun,"coarse_category,subtype"
road_sign,#N/A,#n/a,"coarse_category,subtype"
roadsweeper,vehicle,vehicle,"coarse_category,subtype"
robe,clothing,clothing,"coarse_category,subtype"
robot,toy,toy,"coarse_category,subtype"
rock,Noun,noun,"coarse_category,subtype"
rocket,vehicle,vehicle,"coarse_category,subtype"
rocking_chair,furniture,furniture,"coarse_category,subtype"
rocking_horse,toy,toy,"coarse_category,subtype"
roll,food,food,"coarse_category,subtype"
roller,Noun,noun,"coarse_category,subtype"
roller_coaster,#N/A,#n/a,"coarse_category,subtype"
rollerblade,sports equipment,sports equipment,"coarse_category,subtype"
rollerskate,sports equipment,sports equipment,"coarse_category,subtype"
rolling_pin,"kitchen tool, tool",kitchen tool,"coarse_category,subtype"
roof_rack,part of car,part of car,"coarse_category,subtype"
rooster,"animal, bird",animal,"coarse_category,subtype"
root,Noun,noun,"coarse_category,subtype"
rope,tool,tool,"coarse_category,subtype"
rosary,Noun,noun,"coarse_category,subtype"
rose,plant,plant,"coarse_category,subtype"
roulette_wheel,#N/A,#n/a,"coarse_category,subtype"
router,electronic device,electronic device,"coarse_category,subtype"
rubber_band,office supply,office supply,"coarse_category,subtype"
ruby,decoration,decoration,"coarse_category,subtype"
rudder,Noun,noun,"coarse_category,subtype"
rug,home decor,home decor,"coarse_category,subtype"
ruler,tool,tool,"coarse_category,subtype"
rust,Noun,noun,"coarse_category,subtype"
saddle,sports equipment,sports equipment,"coarse_category,subtype"
safety_pin,#N/A,#n/a,"coarse_category,subtype"
saffron,food,food,"coarse_category,subtype"
sail,Verb,verb,"coarse_category,subtype"
sailboat,vehicle,vehicle,"coarse_category,subtype"
salad,food,food,"coarse_category,subtype"
salami,food,food,"coarse_category,subtype"
saltshaker,container,container,"coarse_category,subtype"
sand,Noun,noun,"coarse_category,subtype"
sandal,clothing,clothing,"coarse_category,subtype"
sandbag,container,container,"coarse_category,subtype"
sandbox,toy,toy,"coarse_category,subtype"
sandcastle,Noun,noun,"coarse_category,subtype"
sandpaper,tool,tool,"coarse_category,subtype"
sandwich,food,food,"coarse_category,subtype"
sarcophagus,container,container,"coarse_category,subtype"
sardine,"animal, food",animal,"coarse_category,subtype"
satellite,Noun,noun,"coarse_category,subtype"
satellite_dish,#N/A,#n/a,"coarse_category,subtype"
sauce,food,food,"coarse_category,subtype"
saucer,Noun,noun,"coarse_category,subtype"
sauerkraut,food,food,"coarse_category,subtype"
sausage,food,food,"coarse_category,subtype"
saw,tool,tool,"coarse_category,subtype"
sawhorse,tool,tool,"coarse_category,subtype"
saxophone,musical instrument,musical instrument,"coarse_category,subtype"
scaffold,Noun,noun,"coarse_category,subtype"
scaffolding,Noun,noun,"coarse_category,subtype"
scale,Noun,noun,"coarse_category,subtype"
scallion,"food, vegetable",food,"coarse_category,subtype"
scallop,"animal, food",animal,"coarse_category,subtype"
scalpel,"medical equipment, weapon, tool",medical equipment,"coarse_category,subtype"
scanner,electronic device,electronic device,"coarse_category,subtype"
scarecrow,home decor,home decor,"coarse_category,subtype"
scarf,"clothing, clothing accessory",clothing,"coarse_category,subtype"
school_bus,vehicle,vehicle,"coarse_category,subtype"
scissors,"office supply, weapon, tool",office supply,"coarse_category,subtype"
scone,food,food,"coarse_category,subtype"
scoop,"kitchen tool, tool",kitchen tool,"coarse_category,subtype"
scooter,"toy, vehicle",toy,"coarse_category,subtype"
scoreboard,sports equipment,sports equipment,"coarse_category,subtype"
scorpion,animal,animal,"coarse_category,subtype"
scrabble,Noun,noun,"coarse_category,subtype"
scrambled_egg,food,food,"coarse_category,subtype"
scraper,tool,tool,"coarse_category,subtype"
screen1,electronic device,electronic device,"coarse_category,subtype"
screen2,Noun,noun,"coarse_category,subtype"
screw,tool,tool,"coarse_category,subtype"
screwdriver,tool,tool,"coarse_category,subtype"
scuba,sports equipment,sports equipment,"coarse_category,subtype"
sea_urchin,animal,animal,"coarse_category,subtype"
seafood,food,food,"coarse_category,subtype"
seagull,"animal, bird",animal,"coarse_category,subtype"
seahorse,animal,animal,"coarse_category,subtype"
seal,animal,animal,"coarse_category,subtype"
seaplane,vehicle,vehicle,"coarse_category,subtype"
seatbelt,part of car,part of car,"coarse_category,subtype"
seaweed,"plant, food",plant,"coarse_category,subtype"
seed,fruit,fruit,"coarse_category,subtype"
seesaw,toy,toy,"coarse_category,subtype"
seismograph,Noun,noun,"coarse_category,subtype"
sequin,decoration,decoration,"coarse_category,subtype"
sewage,Noun,noun,"coarse_category,subtype"
sewing_kit,#N/A,#n/a,"coarse_category,subtype"
sewing_machine,electronic device,electronic device,"coarse_category,subtype"
shaker,container,container,"coarse_category,subtype"
shark,animal,animal,"coarse_category,subtype"
shaving_cream,#N/A,#n/a,"coarse_category,subtype"
shawl,"clothing, clothing accessory",clothing,"coarse_category,subtype"
shears,tool,tool,"coarse_category,subtype"
sheath,Noun,noun,"coarse_category,subtype"
sheep,animal,animal,"coarse_category,subtype"
sheet,Noun,noun,"coarse_category,subtype"
shelf,furniture,furniture,"coarse_category,subtype"
shell1,Noun,noun,"coarse_category,subtype"
shell2,Noun,noun,"coarse_category,subtype"
shell3,Noun,noun,"coarse_category,subtype"
shield,Noun,noun,"coarse_category,subtype"
ship,vehicle,vehicle,"coarse_category,subtype"
shirt,clothing,clothing,"coarse_category,subtype"
shoe,clothing,clothing,"coarse_category,subtype"
shoe_polish,#N/A,#n/a,"coarse_category,subtype"
shoehorn,tool,tool,"coarse_category,subtype"
shoelace,Noun,noun,"coarse_category,subtype"
shopping_basket,container,container,"coarse_category,subtype"
shopping_cart,container,container,"coarse_category,subtype"
shortbread,"food, dessert",food,"coarse_category,subtype"
shorts,clothing,clothing,"coarse_category,subtype"
shoulder,body part,body part,"coarse_category,subtype"
shovel,tool,tool,"coarse_category,subtype"
shower,Noun,noun,"coarse_category,subtype"
shower_cap,clothing,clothing,"coarse_category,subtype"
shower_curtain,#N/A,#n/a,"coarse_category,subtype"
showerhead,Noun,noun,"coarse_category,subtype"
shredder,electronic device,electronic device,"coarse_category,subtype"
shrimp,"animal, food",animal,"coarse_category,subtype"
shuffleboard,Noun,noun,"coarse_category,subtype"
shutter,Noun,noun,"coarse_category,subtype"
sickle,tool,tool,"coarse_category,subtype"
sidecar,Noun,noun,"coarse_category,subtype"
sifter,kitchen tool,kitchen tool,"coarse_category,subtype"
silicone,Noun,noun,"coarse_category,subtype"
silverware,Noun,noun,"coarse_category,subtype"
sim_card,#N/A,#n/a,"coarse_category,subtype"
sink,Noun,noun,"coarse_category,subtype"
siren,Noun,noun,"coarse_category,subtype"
skateboard,"toy, vehicle, sports equipment",toy,"coarse_category,subtype"
skeleton,body part,body part,"coarse_category,subtype"
skewer,kitchen tool,kitchen tool,"coarse_category,subtype"
ski,sports equipment,sports equipment,"coarse_category,subtype"
ski_boots,"sports equipment, clothing",sports equipment,"coarse_category,subtype"
ski_lift,#N/A,#n/a,"coarse_category,subtype"
ski_pole,sports equipment,sports equipment,"coarse_category,subtype"
skin,body part,body part,"coarse_category,subtype"
skirt,clothing,clothing,"coarse_category,subtype"
skull,body part,body part,"coarse_category,subtype"
skunk,animal,animal,"coarse_category,subtype"
sled,"vehicle, sports equipment",vehicle,"coarse_category,subtype"
sledgehammer,tool,tool,"coarse_category,subtype"
sleeping_bag,container,container,"coarse_category,subtype"
slicer,"electronic device, kitchen appliance",electronic device,"coarse_category,subtype"
slide,toy,toy,"coarse_category,subtype"
slime,toy,toy,"coarse_category,subtype"
sling,medical equipment,medical equipment,"coarse_category,subtype"
slingshot,"weapon, toy",weapon,"coarse_category,subtype"
slipper,clothing,clothing,"coarse_category,subtype"
slot,Noun,noun,"coarse_category,subtype"
slot_machine,electronic device,electronic device,"coarse_category,subtype"
sloth,animal,animal,"coarse_category,subtype"
slug,animal,animal,"coarse_category,subtype"
smoke_alarm,electronic device,electronic device,"coarse_category,subtype"
smoothie,drink,drink,"coarse_category,subtype"
snack,food,food,"coarse_category,subtype"
snail,animal,animal,"coarse_category,subtype"
snake,animal,animal,"coarse_category,subtype"
snorkel,sports equipment,sports equipment,"coarse_category,subtype"
snow,Noun,noun,"coarse_category,subtype"
snowball,toy,toy,"coarse_category,subtype"
snowboard,sports equipment,sports equipment,"coarse_category,subtype"
snowman,Noun,noun,"coarse_category,subtype"
snowmobile,vehicle,vehicle,"coarse_category,subtype"
snowplow,vehicle,vehicle,"coarse_category,subtype"
snowshoe,"sports equipment, clothing",sports equipment,"coarse_category,subtype"
snowsuit,clothing,clothing,"coarse_category,subtype"
soap,Noun,noun,"coarse_category,subtype"
soccer_ball,sports equipment,sports equipment,"coarse_category,subtype"
sock,clothing,clothing,"coarse_category,subtype"
soda,drink,drink,"coarse_category,subtype"
soda_fountain,#N/A,#n/a,"coarse_category,subtype"
sofa_bed,furniture,furniture,"coarse_category,subtype"
solar_panel,#N/A,#n/a,"coarse_category,subtype"
soldering_iron,tool,tool,"coarse_category,subtype"
sombrero,"clothing, clothing accessory",clothing,"coarse_category,subtype"
sonogram,Noun,noun,"coarse_category,subtype"
sorbet,"food, dessert",food,"coarse_category,subtype"
souffle,"food, dessert",food,"coarse_category,subtype"
soup,food,food,"coarse_category,subtype"
soy_sauce,food,food,"coarse_category,subtype"
space_shuttle,vehicle,vehicle,"coarse_category,subtype"
spacesuit,clothing,clothing,"coarse_category,subtype"
spaghetti,food,food,"coarse_category,subtype"
spam,food,food,"coarse_category,subtype"
spareribs,food,food,"coarse_category,subtype"
spark_plug,part of car,part of car,"coarse_category,subtype"
sparkler,Noun,noun,"coarse_category,subtype"
spatula,"kitchen tool, tool",kitchen tool,"coarse_category,subtype"
speaker,Noun,noun,"coarse_category,subtype"
spear,weapon,weapon,"coarse_category,subtype"
speedboat,vehicle,vehicle,"coarse_category,subtype"
speedometer,part of car,part of car,"coarse_category,subtype"
spider,animal,animal,"coarse_category,subtype"
spider_web,#N/A,#n/a,"coarse_category,subtype"
spinach,"plant, food, vegetable",plant,"coarse_category,subtype"
splinter,Noun,noun,"coarse_category,subtype"
sponge,Noun,noun,"coarse_category,subtype"
spool,Noun,noun,"coarse_category,subtype"
spoon,"kitchen tool, tool",kitchen tool,"coarse_category,subtype"
spout,Verb,verb,"coarse_category,subtype"
spring_roll,food,food,"coarse_category,subtype"
springboard,sports equipment,sports equipment,"coarse_category,subtype"
sprinkler,Noun,noun,"coarse_category,subtype"
sprouts,"food, vegetable",food,"coarse_category,subtype"
spur,Noun,noun,"coarse_category,subtype"
squash,"food, vegetable",food,"coarse_category,subtype"
squeegee,tool,tool,"coarse_category,subtype"
squid,"animal, food",animal,"coarse_category,subtype"
squirrel,animal,animal,"coarse_category,subtype"
squirt_gun,toy,toy,"coarse_category,subtype"
stained_glass,home decor,home decor,"coarse_category,subtype"
stair,Noun,noun,"coarse_category,subtype"
stake,Noun,noun,"coarse_category,subtype"
stalagmite,Noun,noun,"coarse_category,subtype"
stamp1,Noun,noun,"coarse_category,subtype"
stamp2,tool,tool,"coarse_category,subtype"
staple,office supply,office supply,"coarse_category,subtype"
staple_gun,tool,tool,"coarse_category,subtype"
stapler,office supply,office supply,"coarse_category,subtype"
star_fruit,"food, fruit",food,"coarse_category,subtype"
starfish,animal,animal,"coarse_category,subtype"
station_wagon,vehicle,vehicle,"coarse_category,subtype"
statue,home decor,home decor,"coarse_category,subtype"
steak,food,food,"coarse_category,subtype"
steamroller,vehicle,vehicle,"coarse_category,subtype"
steering_wheel,part of car,part of car,"coarse_category,subtype"
stem,Noun,noun,"coarse_category,subtype"
step_stool,furniture,furniture,"coarse_category,subtype"
stereo,electronic device,electronic device,"coarse_category,subtype"
stethoscope,medical equipment,medical equipment,"coarse_category,subtype"
stew,food,food,"coarse_category,subtype"
stick,Verb,verb,"coarse_category,subtype"
sticker,Noun,noun,"coarse_category,subtype"
stiletto,clothing,clothing,"coarse_category,subtype"
stilt,toy,toy,"coarse_category,subtype"
stingray,animal,animal,"coarse_category,subtype"
stir_fry,food,food,"coarse_category,subtype"
stirrup,Noun,noun,"coarse_category,subtype"
stockings,clothing,clothing,"coarse_category,subtype"
stomach,body part,body part,"coarse_category,subtype"
stool,furniture,furniture,"coarse_category,subtype"
stopwatch,sports equipment,sports equipment,"coarse_category,subtype"
stove1,kitchen appliance,kitchen appliance,"coarse_category,subtype"
stove2,kitchen appliance,kitchen appliance,"coarse_category,subtype"
straightjacket,clothing,clothing,"coarse_category,subtype"
strainer,kitchen tool,kitchen tool,"coarse_category,subtype"
strap,Noun,noun,"coarse_category,subtype"
straw1,Noun,noun,"coarse_category,subtype"
straw2,Noun,noun,"coarse_category,subtype"
strawberry,"food, fruit",food,"coarse_category,subtype"
streetlight,Noun,noun,"coarse_category,subtype"
stretcher,medical equipment,medical equipment,"coarse_category,subtype"
string_cheese,food,food,"coarse_category,subtype"
stroller,vehicle,vehicle,"coarse_category,subtype"
stuffing,food,food,"coarse_category,subtype"
stump,Noun,noun,"coarse_category,subtype"
submarine,vehicle,vehicle,"coarse_category,subtype"
subway,vehicle,vehicle,"coarse_category,subtype"
sugar_cube,food,food,"coarse_category,subtype"
suit,clothing,clothing,"coarse_category,subtype"
suitcase,container,container,"coarse_category,subtype"
sundae,"food, dessert",food,"coarse_category,subtype"
sundial,Noun,noun,"coarse_category,subtype"
sunflower,plant,plant,"coarse_category,subtype"
sunglasses,Noun,noun,"coarse_category,subtype"
sunroof,part of car,part of car,"coarse_category,subtype"
surfboard,sports equipment,sports equipment,"coarse_category,subtype"
sushi,food,food,"coarse_category,subtype"
suspenders,"clothing, clothing accessory",clothing,"coarse_category,subtype"
swab,medical equipment,medical equipment,"coarse_category,subtype"
swan,"animal, bird",animal,"coarse_category,subtype"
sweater,clothing,clothing,"coarse_category,subtype"
sweatsuit,clothing,clothing,"coarse_category,subtype"
sweeper,tool,tool,"coarse_category,subtype"
sweet_potato,"food, vegetable",food,"coarse_category,subtype"
swimming_pool,container,container,"coarse_category,subtype"
swimsuit,clothing,clothing,"coarse_category,subtype"
swing,toy,toy,"coarse_category,subtype"
swing_set,#N/A,#n/a,"coarse_category,subtype"
switch,Verb,verb,"coarse_category,subtype"
swizzle_stick,#N/A,#n/a,"coarse_category,subtype"
sword,weapon,weapon,"coarse_category,subtype"
swordfish,"animal, food",animal,"coarse_category,subtype"
syringe,"medical equipment, container",medical equipment,"coarse_category,subtype"
syrup,food,food,"coarse_category,subtype"
t-shirt,clothing,clothing,"coarse_category,subtype"
tab,Noun,noun,"coarse_category,subtype"
table,furniture,furniture,"coarse_category,subtype"
tablecloth,Noun,noun,"coarse_category,subtype"
tablet,electronic device,electronic device,"coarse_category,subtype"
tack,office supply,office supply,"coarse_category,subtype"
tackle,Verb,verb,"coarse_category,subtype"
taco,food,food,"coarse_category,subtype"
tadpole,animal,animal,"coarse_category,subtype"
taffy,food,food,"coarse_category,subtype"
tag,Noun,noun,"coarse_category,subtype"
taillight,part of car,part of car,"coarse_category,subtype"
tamale,food,food,"coarse_category,subtype"
tambourine,musical instrument,musical instrument,"coarse_category,subtype"
tank1,weapon,weapon,"coarse_category,subtype"
tank2,container,container,"coarse_category,subtype"
tape,office supply,office supply,"coarse_category,subtype"
tape_measure,tool,tool,"coarse_category,subtype"
tape_recorder,electronic device,electronic device,"coarse_category,subtype"
tapestry,home decor,home decor,"coarse_category,subtype"
tarantula,animal,animal,"coarse_category,subtype"
target,sports equipment,sports equipment,"coarse_category,subtype"
tarp,Noun,noun,"coarse_category,subtype"
tattoo,decoration,decoration,"coarse_category,subtype"
taxi,vehicle,vehicle,"coarse_category,subtype"
tea,drink,drink,"coarse_category,subtype"
teabag,container,container,"coarse_category,subtype"
teacup,container,container,"coarse_category,subtype"
teapot,container,container,"coarse_category,subtype"
teddy_bear,toy,toy,"coarse_category,subtype"
tee,sports equipment,sports equipment,"coarse_category,subtype"
teepee,Noun,noun,"coarse_category,subtype"
telegraph,Noun,noun,"coarse_category,subtype"
telephone_pole,#N/A,#n/a,"coarse_category,subtype"
telescope,Noun,noun,"coarse_category,subtype"
television,electronic device,electronic device,"coarse_category,subtype"
tennis_ball,sports equipment,sports equipment,"coarse_category,subtype"
tent,container,container,"coarse_category,subtype"
terrarium,"home decor, container",home decor,"coarse_category,subtype"
test_tube,container,container,"coarse_category,subtype"
thermometer,Noun,noun,"coarse_category,subtype"
thermos,container,container,"coarse_category,subtype"
thermostat,Noun,noun,"coarse_category,subtype"
thimble,container,container,"coarse_category,subtype"
thorn,body part,body part,"coarse_category,subtype"
thread,Noun,noun,"coarse_category,subtype"
throne,furniture,furniture,"coarse_category,subtype"
thumb,body part,body part,"coarse_category,subtype"
thumbtack,office supply,office supply,"coarse_category,subtype"
tiara,clothing,clothing,"coarse_category,subtype"
tick,animal,animal,"coarse_category,subtype"
ticktacktoe,#N/A,#n/a,"coarse_category,subtype"
tie,"clothing, clothing accessory",clothing,"coarse_category,subtype"
tiger,animal,animal,"coarse_category,subtype"
tile,Noun,noun,"coarse_category,subtype"
timer,kitchen tool,kitchen tool,"coarse_category,subtype"
tinsel,Noun,noun,"coarse_category,subtype"
tiramisu,"food, dessert",food,"coarse_category,subtype"
toad,animal,animal,"coarse_category,subtype"
toast,food,food,"coarse_category,subtype"
toaster,"electronic device, kitchen appliance",electronic device,"coarse_category,subtype"
toaster_oven,"electronic device, kitchen appliance",electronic device,"coarse_category,subtype"
toe,body part,body part,"coarse_category,subtype"
toga,clothing,clothing,"coarse_category,subtype"
toilet,Noun,noun,"coarse_category,subtype"
toilet_paper,#N/A,#n/a,"coarse_category,subtype"
tomato,"food, vegetable, fruit",food,"coarse_category,subtype"
tomato_sauce,food,food,"coarse_category,subtype"
tongs,"kitchen tool, tool",kitchen tool,"coarse_category,subtype"
tongue,body part,body part,"coarse_category,subtype"
tool,tool,tool,"coarse_category,subtype"
toolbox,container,container,"coarse_category,subtype"
tooth,body part,body part,"coarse_category,subtype"
toothbrush,Noun,noun,"coarse_category,subtype"
toothpaste,Noun,noun,"coarse_category,subtype"
toothpick,tool,tool,"coarse_category,subtype"
top_hat,"clothing, clothing accessory",clothing,"coarse_category,subtype"
torch,Noun,noun,"coarse_category,subtype"
torpedo,weapon,weapon,"coarse_category,subtype"
torso,body part,body part,"coarse_category,subtype"
tortellini,food,food,"coarse_category,subtype"
tortilla,food,food,"coarse_category,subtype"
tostada,food,food,"coarse_category,subtype"
totem_pole,decoration,decoration,"coarse_category,subtype"
toucan,"animal, bird",animal,"coarse_category,subtype"
touchpad,#N/A,#n/a,"coarse_category,subtype"
towel,Noun,noun,"coarse_category,subtype"
towel_rack,#N/A,#n/a,"coarse_category,subtype"
toy,toy,toy,"coarse_category,subtype"
tractor,vehicle,vehicle,"coarse_category,subtype"
traffic_light,#N/A,#n/a,"coarse_category,subtype"
trailer,"container, vehicle",container,"coarse_category,subtype"
train,vehicle,vehicle,"coarse_category,subtype"
train_car,vehicle,vehicle,"coarse_category,subtype"
train_set,toy,toy,"coarse_category,subtype"
trampoline,sports equipment,sports equipment,"coarse_category,subtype"
trap,Noun,noun,"coarse_category,subtype"
trapdoor,Noun,noun,"coarse_category,subtype"
trashcan,container,container,"coarse_category,subtype"
tray,container,container,"coarse_category,subtype"
treadmill,"electronic device, sports equipment",electronic device,"coarse_category,subtype"
treasure,Noun,noun,"coarse_category,subtype"
tree,plant,plant,"coarse_category,subtype"
tree_trunk,#N/A,#n/a,"coarse_category,subtype"
triangle,musical instrument,musical instrument,"coarse_category,subtype"
tricycle,vehicle,vehicle,"coarse_category,subtype"
trident,"weapon, tool",weapon,"coarse_category,subtype"
trigger,Noun,noun,"coarse_category,subtype"
tripod,Noun,noun,"coarse_category,subtype"
trolley,vehicle,vehicle,"coarse_category,subtype"
trombone,musical instrument,musical instrument,"coarse_category,subtype"
trophy,Noun,noun,"coarse_category,subtype"
trough,container,container,"coarse_category,subtype"
trowel,tool,tool,"coarse_category,subtype"
truck,vehicle,vehicle,"coarse_category,subtype"
trumpet,musical instrument,musical instrument,"coarse_category,subtype"
trunk,container,container,"coarse_category,subtype"
tuba,musical instrument,musical instrument,"coarse_category,subtype"
tube_top,clothing,clothing,"coarse_category,subtype"
tugboat,vehicle,vehicle,"coarse_category,subtype"
tulip,plant,plant,"coarse_category,subtype"
tumbleweed,plant,plant,"coarse_category,subtype"
tuning_fork,tool,tool,"coarse_category,subtype"
tupperware,container,container,"coarse_category,subtype"
turban,clothing,clothing,"coarse_category,subtype"
turbine,Noun,noun,"coarse_category,subtype"
turf,Noun,noun,"coarse_category,subtype"
turkey,"animal, bird, food",animal,"coarse_category,subtype"
turnstile,Noun,noun,"coarse_category,subtype"
turntable,electronic device,electronic device,"coarse_category,subtype"
turtle,animal,animal,"coarse_category,subtype"
turtleneck,clothing,clothing,"coarse_category,subtype"
tuxedo,clothing,clothing,"coarse_category,subtype"
tweezers,"medical equipment, tool",medical equipment,"coarse_category,subtype"
twig,Noun,noun,"coarse_category,subtype"
typewriter,Noun,noun,"coarse_category,subtype"
ukulele,musical instrument,musical instrument,"coarse_category,subtype"
umbrella,Noun,noun,"coarse_category,subtype"
undershirt,clothing,clothing,"coarse_category,subtype"
underwear,clothing,clothing,"coarse_category,subtype"
unicycle,vehicle,vehicle,"coarse_category,subtype"
uniform,clothing,clothing,"coarse_category,subtype"
urinal,Noun,noun,"coarse_category,subtype"
urn,container,container,"coarse_category,subtype"
vacuum,"electronic device, tool",electronic device,"coarse_category,subtype"
valve,Noun,noun,"coarse_category,subtype"
van,vehicle,vehicle,"coarse_category,subtype"
vase,"home decor, container",home decor,"coarse_category,subtype"
vegetable,"food, vegetable",food,"coarse_category,subtype"
veil,clothing,clothing,"coarse_category,subtype"
velcro,#N/A,#n/a,"coarse_category,subtype"
vending_machine,electronic device,electronic device,"coarse_category,subtype"
vent,Noun,noun,"coarse_category,subtype"
vest,clothing,clothing,"coarse_category,subtype"
vial,"medical equipment, container",medical equipment,"coarse_category,subtype"
videocassette,container,container,"coarse_category,subtype"
videogame,#N/A,#n/a,"coarse_category,subtype"
viewfinder,Noun,noun,"coarse_category,subtype"
violin,musical instrument,musical instrument,"coarse_category,subtype"
vise,tool,tool,"coarse_category,subtype"
visor,"clothing, clothing accessory",clothing,"coarse_category,subtype"
volleyball,sports equipment,sports equipment,"coarse_category,subtype"
vulture,"animal, bird",animal,"coarse_category,subtype"
wafer,food,food,"coarse_category,subtype"
waffle,food,food,"coarse_category,subtype"
waffle_iron,"electronic device, kitchen appliance",electronic device,"coarse_category,subtype"
wagon,vehicle,vehicle,"coarse_category,subtype"
walker1,medical equipment,medical equipment,"coarse_category,subtype"
walker2,Name,name,"coarse_category,subtype"
wall,Noun,noun,"coarse_category,subtype"
wallet,container,container,"coarse_category,subtype"
wallpaper,home decor,home decor,"coarse_category,subtype"
walnut,food,food,"coarse_category,subtype"
walrus,animal,animal,"coarse_category,subtype"
wand,Noun,noun,"coarse_category,subtype"
warthog,animal,animal,"coarse_category,subtype"
washboard,Noun,noun,"coarse_category,subtype"
washcloth,Noun,noun,"coarse_category,subtype"
washing_machine,electronic device,electronic device,"coarse_category,subtype"
wasp,"animal, insect",animal,"coarse_category,subtype"
watch,clothing accessory,clothing accessory,"coarse_category,subtype"
water_bottle,container,container,"coarse_category,subtype"
water_cooler,#N/A,#n/a,"coarse_category,subtype"
water_filter,kitchen appliance,kitchen appliance,"coarse_category,subtype"
water_fountain,#N/A,#n/a,"coarse_category,subtype"
water_heater,"electronic device, container",electronic device,"coarse_category,subtype"
watering_can,"container, tool",container,"coarse_category,subtype"
watermelon,"food, fruit",food,"coarse_category,subtype"
waterwheel,Noun,noun,"coarse_category,subtype"
wax,Noun,noun,"coarse_category,subtype"
wax_paper,#N/A,#n/a,"coarse_category,subtype"
weasel,animal,animal,"coarse_category,subtype"
weather_vane,home decor,home decor,"coarse_category,subtype"
webcam,electronic device,electronic device,"coarse_category,subtype"
wedding_cake,"food, dessert",food,"coarse_category,subtype"
wedge,tool,tool,"coarse_category,subtype"
weed,plant,plant,"coarse_category,subtype"
wetsuit,"sports equipment, clothing",sports equipment,"coarse_category,subtype"
whale,animal,animal,"coarse_category,subtype"
wheat,food,food,"coarse_category,subtype"
wheel,part of car,part of car,"coarse_category,subtype"
wheelbarrow,container,container,"coarse_category,subtype"
wheelchair,"medical equipment, vehicle",medical equipment,"coarse_category,subtype"
whip,weapon,weapon,"coarse_category,subtype"
whipped_cream,"food, dessert",food,"coarse_category,subtype"
whisk,kitchen tool,kitchen tool,"coarse_category,subtype"
whistle,musical instrument,musical instrument,"coarse_category,subtype"
whiteboard,office supply,office supply,"coarse_category,subtype"
whoopee_cushion,toy,toy,"coarse_category,subtype"
wick,Name,name,"coarse_category,subtype"
wig,clothing,clothing,"coarse_category,subtype"
wind_chimes,home decor,home decor,"coarse_category,subtype"
window,Noun,noun,"coarse_category,subtype"
windowsill,Noun,noun,"coarse_category,subtype"
windshield,part of car,part of car,"coarse_category,subtype"
windshield_wiper,part of car,part of car,"coarse_category,subtype"
windsock,Noun,noun,"coarse_category,subtype"
wine,drink,drink,"coarse_category,subtype"
wine_bottle,container,container,"coarse_category,subtype"
wine_cooler,container,container,"coarse_category,subtype"
wineglass,container,container,"coarse_category,subtype"
wing,Noun,noun,"coarse_category,subtype"
wire,Noun,noun,"coarse_category,subtype"
wire_cutters,tool,tool,"coarse_category,subtype"
wok,container,container,"coarse_category,subtype"
wolf,animal,animal,"coarse_category,subtype"
woman,Noun,noun,"coarse_category,subtype"
wood,Noun,noun,"coarse_category,subtype"
wooden_leg,#N/A,#n/a,"coarse_category,subtype"
workbench,furniture,furniture,"coarse_category,subtype"
worm,animal,animal,"coarse_category,subtype"
wrap,food,food,"coarse_category,subtype"
wrapping_paper,#N/A,#n/a,"coarse_category,subtype"
wreath,home decor,home decor,"coarse_category,subtype"
wreck,vehicle,vehicle,"coarse_category,subtype"
wrench,tool,tool,"coarse_category,subtype"
wrist,body part,body part,"coarse_category,subtype"
xylophone,musical instrument,musical instrument,"coarse_category,subtype"
yacht,vehicle,vehicle,"coarse_category,subtype"
yak,animal,animal,"coarse_category,subtype"
yarn,Noun,noun,"coarse_category,subtype"
yo-yo,toy,toy,"coarse_category,subtype"
yogurt,food,food,"coarse_category,subtype"
yoke,Noun,noun,"coarse_category,subtype"
yolk,food,food,"coarse_category,subtype"
zebra,animal,animal,"coarse_category,subtype"
zipper,Noun,noun,"coarse_category,subtype"
zucchini,"food, vegetable",food,"coarse_category,subtype"
